"user_id","book_id","int_key","page"
459,497,1,"5"
74,448,2,"188"
159,460,3,"95"
496,494,4,"99"
253,456,5,"143"
266,442,6,"168"
218,410,7,"38"
156,430,8,"82"
347,399,9,"191"
356,535,10,"53"
146,514,11,"84"
59,397,12,"197"
500,462,13,"188"
109,517,14,"189"
62,481,15,"167"
86,499,16,"188"
414,398,17,"145"
67,428,18,"120"
486,497,19,"44"
98,537,20,"19"
159,512,21,"84"
408,501,22,"59"
480,407,23,"40"
499,511,24,"90"
457,397,25,"35"
331,505,26,"159"
437,437,27,"126"
339,431,28,"1"
200,398,29,"99"
484,422,30,"97"
173,520,31,"86"
299,469,32,"20"
20,520,33,"47"
281,522,34,"103"
410,395,35,"177"
204,507,36,"40"
275,386,37,"6"
79,498,38,"131"
115,497,39,"109"
107,443,40,"1"
223,388,41,"90"
22,407,42,"22"
189,440,43,"80"
50,402,44,"34"
485,391,45,"2"
305,533,46,"43"
433,419,47,"51"
485,455,48,"4"
300,390,49,"166"
420,463,50,"127"
305,446,51,"113"
216,438,52,"46"
83,478,53,"171"
85,395,54,"176"
370,535,55,"58"
64,419,56,"73"
308,385,57,"164"
189,499,58,"86"
110,400,59,"171"
216,426,60,"36"
365,436,61,"82"
330,424,62,"30"
154,445,63,"162"
189,528,64,"51"
161,410,65,"102"
433,473,66,"71"
143,507,67,"199"
354,414,68,"134"
441,476,69,"189"
391,488,70,"53"
60,506,71,"102"
255,494,72,"9"
424,512,73,"188"
352,519,74,"125"
255,430,75,"86"
341,502,76,"65"
476,483,77,"47"
156,425,78,"37"
421,392,79,"135"
64,388,80,"175"
475,484,81,"187"
492,512,82,"20"
178,459,83,"183"
389,493,84,"58"
354,505,85,"182"
447,466,86,"2"
15,484,87,"41"
145,530,88,"123"
25,470,89,"101"
138,441,90,"23"
37,400,91,"16"
131,403,92,"58"
302,437,93,"109"
211,507,94,"139"
345,417,95,"110"
360,528,96,"22"
369,492,97,"62"
82,476,98,"66"
77,476,99,"22"
67,493,100,"143"
54,396,101,"59"
409,430,102,"92"
355,413,103,"129"
314,420,104,"111"
13,394,105,"84"
134,424,106,"96"
421,427,107,"168"
355,471,108,"191"
130,492,109,"68"
164,408,110,"122"
83,413,111,"162"
360,415,112,"160"
179,479,113,"196"
165,491,114,"134"
198,417,115,"24"
148,496,116,"173"
403,467,117,"61"
369,520,118,"44"
366,429,119,"50"
116,386,120,"55"
318,391,121,"28"
188,465,122,"89"
195,517,123,"100"
359,503,124,"22"
53,448,125,"186"
51,431,126,"94"
455,447,127,"146"
331,435,128,"24"
283,402,129,"142"
123,458,130,"127"
223,489,131,"144"
448,458,132,"27"
306,475,133,"119"
134,493,134,"195"
196,470,135,"194"
52,535,136,"12"
427,491,137,"26"
125,403,138,"112"
327,450,139,"160"
334,475,140,"170"
264,510,141,"33"
374,491,142,"107"
243,422,143,"148"
343,514,144,"68"
78,424,145,"155"
204,535,146,"67"
93,393,147,"79"
414,405,148,"23"
412,397,149,"194"
421,526,150,"136"
390,500,151,"196"
372,533,152,"91"
113,446,153,"75"
499,401,154,"185"
396,470,155,"101"
90,489,156,"159"
287,471,157,"195"
336,396,158,"157"
337,523,159,"170"
148,511,160,"67"
397,387,161,"96"
461,434,162,"43"
56,496,163,"64"
255,383,164,"66"
210,473,165,"58"
364,537,166,"179"
384,534,167,"179"
134,486,168,"185"
2,521,169,"162"
389,480,170,"130"
82,532,171,"88"
189,484,172,"13"
308,478,173,"158"
108,430,174,"130"
247,530,175,"86"
148,502,176,"13"
356,428,177,"153"
93,441,178,"138"
215,430,179,"107"
275,384,180,"66"
220,421,181,"176"
356,453,182,"5"
244,522,183,"143"
164,426,184,"143"
412,531,185,"48"
264,401,186,"171"
399,509,187,"111"
483,529,188,"93"
400,444,189,"25"
387,402,190,"149"
212,415,191,"191"
439,466,192,"38"
357,440,193,"89"
112,486,194,"142"
444,536,195,"75"
180,414,196,"84"
282,402,197,"63"
420,512,198,"158"
316,536,199,"78"
134,401,200,"175"
156,458,201,"171"
281,461,202,"106"
396,420,203,"67"
8,406,204,"57"
497,386,205,"186"
444,414,206,"198"
195,530,207,"8"
153,488,208,"104"
76,478,209,"4"
353,509,210,"53"
311,522,211,"180"
188,469,212,"72"
13,408,213,"171"
97,457,214,"103"
10,483,215,"200"
127,500,216,"135"
137,457,217,"151"
491,459,218,"7"
474,527,219,"40"
18,485,220,"160"
238,507,221,"138"
229,530,222,"199"
293,473,223,"193"
323,436,224,"185"
182,492,225,"115"
134,477,226,"121"
433,398,227,"66"
291,392,228,"80"
271,468,229,"194"
217,462,230,"165"
322,498,231,"122"
135,462,232,"190"
28,495,233,"97"
253,453,234,"174"
238,393,235,"36"
58,385,236,"27"
255,431,237,"75"
5,410,238,"123"
264,451,239,"175"
13,476,240,"72"
141,518,241,"39"
80,385,242,"8"
272,397,243,"121"
204,516,244,"106"
206,390,245,"44"
408,516,246,"77"
343,516,247,"37"
146,535,248,"16"
95,505,249,"8"
43,439,250,"190"
189,432,251,"85"
16,445,252,"90"
168,528,253,"6"
41,435,254,"131"
288,529,255,"144"
303,522,256,"2"
183,496,257,"21"
81,394,258,"97"
175,491,259,"196"
129,527,260,"200"
257,475,261,"101"
137,463,262,"150"
145,505,263,"117"
111,436,264,"38"
1,430,265,"142"
292,448,266,"178"
65,396,267,"26"
177,438,268,"9"
33,473,269,"198"
496,505,270,"84"
235,478,271,"134"
301,502,272,"124"
197,480,273,"128"
127,388,274,"63"
382,501,275,"34"
203,488,276,"148"
437,506,277,"125"
370,463,278,"23"
287,502,279,"73"
297,423,280,"59"
163,484,281,"189"
86,392,282,"32"
7,492,283,"174"
243,519,284,"109"
399,445,285,"120"
286,452,286,"47"
114,473,287,"77"
259,497,288,"155"
209,531,289,"99"
272,388,290,"112"
186,483,291,"27"
232,386,292,"101"
207,409,293,"82"
58,425,294,"187"
414,536,295,"143"
361,459,296,"32"
218,455,297,"97"
249,385,298,"71"
219,525,299,"179"
138,439,300,"36"
100,531,301,"102"
427,396,302,"48"
123,434,303,"87"
416,491,304,"115"
297,537,305,"36"
349,416,306,"25"
380,411,307,"192"
446,462,308,"123"
167,424,309,"129"
142,479,310,"84"
93,384,311,"73"
48,498,312,"138"
30,403,313,"50"
389,433,314,"166"
432,451,315,"102"
256,403,316,"1"
458,488,317,"172"
351,392,318,"39"
480,500,319,"131"
61,394,320,"97"
193,449,321,"1"
58,384,322,"21"
277,537,323,"81"
250,530,324,"143"
482,474,325,"144"
384,505,326,"105"
400,391,327,"153"
278,383,328,"157"
194,496,329,"183"
269,503,330,"71"
50,482,331,"171"
402,425,332,"183"
371,506,333,"101"
234,437,334,"147"
403,414,335,"70"
41,411,336,"89"
13,400,337,"158"
197,460,338,"68"
344,487,339,"184"
113,412,340,"42"
317,463,341,"9"
250,511,342,"185"
425,416,343,"190"
46,535,344,"122"
365,410,345,"102"
75,466,346,"136"
63,417,347,"10"
336,398,348,"135"
125,422,349,"59"
352,410,350,"136"
8,518,351,"162"
213,476,352,"8"
396,494,353,"97"
45,428,354,"153"
224,421,355,"35"
182,405,356,"84"
7,393,357,"120"
47,517,358,"124"
226,515,359,"95"
334,434,360,"2"
302,413,361,"151"
195,445,362,"59"
223,491,363,"89"
234,520,364,"57"
181,434,365,"25"
474,469,366,"152"
404,444,367,"30"
296,501,368,"97"
389,515,369,"49"
64,459,370,"149"
102,447,371,"121"
64,533,372,"158"
266,465,373,"13"
326,483,374,"113"
218,488,375,"130"
220,513,376,"47"
76,436,377,"62"
308,526,378,"150"
229,507,379,"168"
157,436,380,"122"
65,465,381,"160"
17,427,382,"43"
15,503,383,"5"
404,494,384,"176"
218,435,385,"105"
251,497,386,"20"
360,511,387,"66"
434,450,388,"177"
174,479,389,"18"
486,442,390,"130"
148,532,391,"172"
496,537,392,"30"
270,476,393,"60"
311,439,394,"199"
156,520,395,"63"
414,391,396,"111"
314,464,397,"151"
392,384,398,"116"
71,421,399,"187"
498,530,400,"185"
67,415,401,"157"
446,433,402,"108"
36,419,403,"132"
474,497,404,"107"
105,524,405,"120"
468,472,406,"20"
489,466,407,"46"
418,510,408,"186"
476,437,409,"186"
391,404,410,"149"
192,456,411,"10"
455,432,412,"110"
167,484,413,"8"
406,390,414,"42"
459,489,415,"83"
495,433,416,"167"
324,513,417,"100"
348,513,418,"134"
385,454,419,"125"
131,448,420,"166"
58,451,421,"5"
101,398,422,"131"
138,489,423,"188"
62,446,424,"194"
123,415,425,"142"
44,534,426,"117"
191,485,427,"187"
335,490,428,"133"
493,396,429,"11"
455,445,430,"82"
205,518,431,"11"
343,479,432,"115"
153,482,433,"9"
395,392,434,"140"
218,489,435,"164"
104,432,436,"15"
327,500,437,"149"
59,509,438,"11"
211,453,439,"46"
330,508,440,"197"
96,498,441,"34"
433,495,442,"192"
484,495,443,"14"
281,425,444,"131"
83,393,445,"120"
39,405,446,"30"
337,492,447,"53"
25,477,448,"14"
226,432,449,"137"
479,417,450,"56"
470,533,451,"39"
135,443,452,"133"
93,413,453,"129"
385,410,454,"163"
360,537,455,"139"
390,455,456,"4"
334,433,457,"178"
449,463,458,"30"
421,397,459,"172"
383,516,460,"61"
190,493,461,"65"
224,451,462,"148"
248,419,463,"34"
199,467,464,"71"
271,404,465,"14"
446,476,466,"178"
426,532,467,"200"
346,514,468,"169"
196,415,469,"154"
260,422,470,"164"
364,385,471,"4"
391,505,472,"128"
428,497,473,"101"
232,518,474,"170"
453,510,475,"12"
92,397,476,"31"
73,404,477,"81"
378,486,478,"77"
440,407,479,"93"
216,493,480,"196"
500,388,481,"152"
33,450,482,"197"
231,489,483,"98"
89,477,484,"90"
108,536,485,"80"
237,444,486,"3"
245,455,487,"42"
296,407,488,"52"
83,488,489,"42"
396,404,490,"108"
406,385,491,"79"
41,527,492,"179"
172,493,493,"133"
412,468,494,"136"
135,405,495,"36"
151,529,496,"181"
16,473,497,"31"
228,438,498,"16"
284,493,499,"5"
221,482,500,"53"
252,419,501,"147"
491,459,502,"141"
28,455,503,"122"
412,504,504,"13"
411,414,505,"127"
426,502,506,"125"
257,420,507,"117"
227,512,508,"28"
408,412,509,"85"
388,385,510,"97"
326,481,511,"124"
55,418,512,"27"
450,431,513,"188"
144,498,514,"77"
352,515,515,"27"
145,463,516,"182"
90,400,517,"96"
262,481,518,"101"
481,530,519,"112"
368,453,520,"21"
280,487,521,"124"
305,414,522,"58"
125,509,523,"194"
410,462,524,"48"
265,394,525,"128"
252,466,526,"200"
165,424,527,"103"
186,452,528,"95"
290,492,529,"34"
231,419,530,"43"
283,425,531,"127"
189,456,532,"56"
81,534,533,"40"
229,517,534,"127"
158,445,535,"178"
37,489,536,"34"
195,525,537,"159"
204,505,538,"68"
77,518,539,"164"
349,414,540,"111"
183,441,541,"188"
414,453,542,"27"
275,495,543,"13"
431,405,544,"173"
350,430,545,"11"
62,515,546,"139"
107,485,547,"39"
284,510,548,"168"
405,416,549,"82"
433,468,550,"9"
12,518,551,"163"
247,443,552,"128"
102,488,553,"139"
375,384,554,"162"
104,407,555,"46"
46,456,556,"82"
210,451,557,"20"
225,407,558,"47"
324,523,559,"154"
285,442,560,"66"
422,397,561,"121"
363,469,562,"124"
257,420,563,"103"
389,523,564,"184"
446,410,565,"1"
41,391,566,"89"
441,492,567,"76"
240,482,568,"155"
127,520,569,"91"
103,415,570,"98"
287,465,571,"101"
391,430,572,"88"
182,501,573,"54"
10,453,574,"138"
442,404,575,"145"
371,428,576,"47"
33,432,577,"180"
128,473,578,"127"
381,386,579,"22"
298,469,580,"188"
65,519,581,"182"
445,383,582,"39"
279,465,583,"104"
136,444,584,"11"
7,469,585,"150"
295,485,586,"7"
139,526,587,"47"
21,503,588,"115"
17,514,589,"179"
185,436,590,"131"
368,512,591,"147"
142,535,592,"155"
4,506,593,"98"
30,452,594,"88"
164,494,595,"139"
23,502,596,"43"
199,517,597,"65"
299,480,598,"193"
263,383,599,"48"
173,397,600,"5"
234,467,601,"65"
7,510,602,"79"
253,494,603,"151"
487,387,604,"62"
68,467,605,"165"
198,451,606,"143"
380,507,607,"19"
275,404,608,"178"
452,406,609,"141"
218,484,610,"113"
57,471,611,"128"
40,537,612,"12"
262,402,613,"51"
228,393,614,"55"
18,520,615,"47"
310,506,616,"13"
384,501,617,"182"
451,477,618,"39"
341,465,619,"139"
290,467,620,"130"
347,494,621,"59"
204,528,622,"157"
306,501,623,"75"
376,417,624,"199"
209,476,625,"136"
211,470,626,"199"
16,537,627,"145"
183,527,628,"163"
30,450,629,"190"
366,385,630,"129"
185,488,631,"84"
372,390,632,"87"
319,518,633,"118"
321,479,634,"58"
74,387,635,"5"
412,384,636,"10"
323,391,637,"34"
432,422,638,"15"
372,464,639,"76"
69,385,640,"22"
460,512,641,"68"
225,462,642,"46"
413,400,643,"120"
111,482,644,"83"
274,396,645,"84"
86,395,646,"83"
254,391,647,"148"
441,451,648,"109"
232,398,649,"31"
67,431,650,"65"
357,498,651,"87"
111,450,652,"115"
75,385,653,"3"
322,462,654,"3"
300,410,655,"183"
171,406,656,"20"
392,522,657,"99"
497,395,658,"153"
242,462,659,"1"
373,502,660,"191"
195,404,661,"144"
149,495,662,"79"
210,470,663,"76"
203,452,664,"124"
264,457,665,"193"
298,427,666,"195"
143,416,667,"53"
246,487,668,"79"
467,426,669,"55"
368,467,670,"1"
412,449,671,"68"
379,519,672,"27"
403,464,673,"22"
155,499,674,"126"
75,401,675,"115"
167,481,676,"121"
356,423,677,"87"
465,475,678,"80"
323,515,679,"71"
280,475,680,"5"
423,412,681,"132"
296,489,682,"133"
167,521,683,"62"
380,475,684,"180"
280,434,685,"71"
109,530,686,"93"
141,416,687,"166"
424,517,688,"87"
214,531,689,"134"
139,447,690,"52"
96,417,691,"130"
497,451,692,"190"
180,507,693,"70"
58,534,694,"15"
48,387,695,"40"
149,417,696,"79"
88,452,697,"83"
94,405,698,"41"
451,473,699,"72"
226,412,700,"85"
356,528,701,"57"
124,438,702,"14"
37,481,703,"128"
407,518,704,"122"
304,439,705,"78"
304,486,706,"152"
467,388,707,"66"
384,517,708,"137"
385,423,709,"9"
260,514,710,"51"
21,519,711,"188"
27,418,712,"24"
200,522,713,"102"
203,398,714,"92"
161,516,715,"28"
486,520,716,"158"
362,508,717,"192"
462,499,718,"157"
398,522,719,"167"
206,393,720,"170"
495,497,721,"62"
438,454,722,"62"
298,429,723,"27"
168,480,724,"112"
226,463,725,"29"
205,506,726,"118"
357,404,727,"45"
124,456,728,"142"
109,446,729,"58"
106,439,730,"152"
356,459,731,"132"
194,480,732,"148"
262,407,733,"66"
219,471,734,"131"
3,511,735,"67"
52,484,736,"141"
413,536,737,"65"
398,479,738,"100"
181,464,739,"176"
89,469,740,"45"
405,398,741,"152"
248,430,742,"178"
242,383,743,"162"
232,428,744,"17"
253,487,745,"21"
401,452,746,"195"
250,433,747,"58"
400,483,748,"14"
149,395,749,"75"
299,481,750,"120"
392,434,751,"4"
167,489,752,"124"
483,463,753,"128"
57,502,754,"88"
362,435,755,"81"
112,465,756,"30"
149,486,757,"78"
16,468,758,"104"
254,401,759,"38"
374,389,760,"34"
120,402,761,"185"
158,432,762,"154"
279,419,763,"59"
229,453,764,"100"
498,484,765,"83"
117,383,766,"85"
156,479,767,"124"
115,457,768,"14"
492,529,769,"136"
146,383,770,"151"
25,506,771,"140"
50,455,772,"36"
368,485,773,"96"
493,393,774,"10"
495,435,775,"109"
468,468,776,"122"
27,475,777,"161"
232,402,778,"188"
298,482,779,"64"
486,526,780,"66"
493,529,781,"98"
165,451,782,"114"
297,386,783,"46"
342,457,784,"16"
491,534,785,"66"
114,489,786,"73"
265,426,787,"125"
456,468,788,"158"
101,481,789,"53"
56,443,790,"136"
71,402,791,"101"
204,512,792,"193"
180,391,793,"32"
269,460,794,"95"
229,465,795,"57"
181,520,796,"167"
390,441,797,"115"
25,482,798,"42"
254,422,799,"11"
27,492,800,"126"
398,401,801,"158"
270,435,802,"14"
408,479,803,"29"
45,445,804,"55"
271,426,805,"79"
289,458,806,"126"
487,442,807,"61"
339,387,808,"130"
480,440,809,"34"
161,386,810,"36"
194,520,811,"57"
12,430,812,"34"
259,515,813,"158"
167,491,814,"193"
244,494,815,"180"
68,525,816,"4"
47,461,817,"75"
113,513,818,"165"
297,445,819,"91"
373,409,820,"125"
93,534,821,"168"
137,504,822,"34"
20,447,823,"62"
174,384,824,"111"
203,439,825,"48"
182,528,826,"32"
296,435,827,"151"
343,513,828,"182"
167,418,829,"179"
400,446,830,"178"
117,531,831,"145"
471,387,832,"136"
451,411,833,"18"
416,508,834,"143"
232,441,835,"39"
111,477,836,"176"
406,409,837,"44"
321,398,838,"195"
265,444,839,"105"
498,479,840,"25"
423,497,841,"153"
494,485,842,"25"
318,537,843,"76"
399,468,844,"75"
264,525,845,"126"
12,452,846,"180"
482,420,847,"113"
417,476,848,"123"
429,429,849,"58"
356,395,850,"43"
442,443,851,"47"
91,416,852,"35"
33,520,853,"178"
180,489,854,"126"
224,478,855,"88"
6,510,856,"74"
361,450,857,"69"
178,478,858,"23"
470,533,859,"125"
164,499,860,"193"
97,434,861,"115"
102,396,862,"80"
375,511,863,"197"
262,440,864,"155"
288,523,865,"142"
354,449,866,"77"
331,384,867,"160"
92,402,868,"172"
118,388,869,"16"
18,502,870,"199"
235,407,871,"3"
228,396,872,"73"
42,526,873,"102"
374,523,874,"142"
270,523,875,"124"
433,535,876,"54"
223,397,877,"93"
32,485,878,"86"
287,441,879,"119"
413,450,880,"191"
472,504,881,"188"
464,443,882,"32"
272,446,883,"39"
345,438,884,"112"
256,482,885,"162"
401,405,886,"148"
447,418,887,"44"
120,536,888,"192"
172,507,889,"172"
476,462,890,"48"
18,398,891,"46"
361,466,892,"141"
128,481,893,"175"
164,473,894,"37"
248,416,895,"90"
352,534,896,"102"
489,533,897,"154"
292,465,898,"150"
344,527,899,"153"
134,401,900,"37"
438,524,901,"123"
482,421,902,"163"
148,392,903,"55"
471,478,904,"83"
270,431,905,"57"
495,467,906,"103"
107,509,907,"124"
4,463,908,"107"
267,534,909,"122"
454,431,910,"139"
71,473,911,"77"
292,453,912,"163"
142,425,913,"180"
383,519,914,"106"
342,407,915,"132"
182,454,916,"107"
80,429,917,"147"
110,486,918,"167"
176,420,919,"144"
366,458,920,"35"
210,391,921,"164"
387,383,922,"52"
364,481,923,"109"
181,507,924,"34"
492,398,925,"75"
456,529,926,"113"
99,532,927,"126"
161,421,928,"175"
461,529,929,"107"
464,524,930,"50"
369,432,931,"196"
340,461,932,"166"
396,427,933,"98"
6,437,934,"122"
440,533,935,"123"
359,536,936,"79"
391,469,937,"55"
470,455,938,"13"
419,459,939,"180"
123,447,940,"50"
408,401,941,"104"
210,461,942,"116"
402,516,943,"62"
99,522,944,"116"
73,463,945,"182"
39,491,946,"150"
33,496,947,"112"
292,524,948,"120"
58,465,949,"92"
254,392,950,"13"
184,458,951,"26"
491,512,952,"194"
4,514,953,"93"
298,501,954,"108"
239,401,955,"68"
474,502,956,"120"
191,430,957,"32"
147,413,958,"1"
126,479,959,"125"
187,440,960,"10"
78,413,961,"150"
147,413,962,"118"
187,410,963,"23"
345,441,964,"164"
210,461,965,"102"
308,388,966,"188"
241,434,967,"76"
388,470,968,"50"
184,492,969,"114"
440,455,970,"169"
371,512,971,"200"
342,518,972,"27"
400,424,973,"160"
150,515,974,"91"
27,454,975,"144"
465,449,976,"196"
5,456,977,"143"
131,532,978,"194"
381,527,979,"44"
368,534,980,"37"
91,454,981,"152"
135,405,982,"25"
331,519,983,"10"
322,526,984,"94"
478,505,985,"163"
343,404,986,"114"
400,397,987,"107"
427,403,988,"195"
54,420,989,"129"
275,434,990,"74"
456,511,991,"166"
3,431,992,"64"
44,402,993,"125"
364,514,994,"20"
1,424,995,"97"
430,407,996,"163"
64,472,997,"110"
221,400,998,"9"
1,401,999,"180"
44,506,1000,"43"
41,389,1001,"150"
454,430,1002,"108"
277,416,1003,"50"
203,393,1004,"16"
479,529,1005,"199"
119,490,1006,"188"
140,522,1007,"125"
22,439,1008,"167"
244,388,1009,"123"
479,516,1010,"118"
290,414,1011,"101"
206,395,1012,"99"
192,501,1013,"163"
413,526,1014,"179"
368,497,1015,"100"
188,524,1016,"66"
330,441,1017,"155"
424,403,1018,"176"
115,532,1019,"164"
286,493,1020,"186"
356,418,1021,"120"
420,462,1022,"100"
371,438,1023,"191"
349,444,1024,"67"
219,525,1025,"137"
331,497,1026,"95"
235,416,1027,"34"
401,432,1028,"56"
42,512,1029,"155"
250,496,1030,"137"
206,440,1031,"165"
195,440,1032,"190"
153,532,1033,"83"
360,393,1034,"156"
273,425,1035,"55"
69,476,1036,"197"
262,537,1037,"145"
133,437,1038,"200"
437,406,1039,"91"
335,511,1040,"119"
330,489,1041,"164"
472,394,1042,"197"
360,437,1043,"156"
249,394,1044,"25"
259,505,1045,"180"
390,528,1046,"52"
441,416,1047,"23"
84,437,1048,"16"
487,522,1049,"164"
157,489,1050,"159"
491,512,1051,"169"
445,516,1052,"171"
476,434,1053,"7"
216,452,1054,"102"
468,441,1055,"112"
306,501,1056,"53"
121,508,1057,"25"
187,527,1058,"56"
332,441,1059,"162"
234,487,1060,"196"
276,488,1061,"183"
30,518,1062,"178"
274,520,1063,"183"
327,535,1064,"42"
118,494,1065,"141"
471,509,1066,"85"
156,447,1067,"6"
116,400,1068,"187"
308,502,1069,"42"
204,397,1070,"136"
165,465,1071,"124"
59,469,1072,"87"
121,394,1073,"190"
151,471,1074,"150"
432,421,1075,"94"
440,412,1076,"49"
5,537,1077,"200"
286,415,1078,"158"
397,449,1079,"106"
282,489,1080,"25"
46,434,1081,"61"
216,527,1082,"146"
159,509,1083,"160"
432,478,1084,"168"
455,421,1085,"90"
130,511,1086,"143"
483,481,1087,"107"
40,448,1088,"24"
47,524,1089,"63"
398,471,1090,"119"
286,441,1091,"82"
149,438,1092,"7"
207,411,1093,"163"
424,490,1094,"59"
71,464,1095,"140"
461,396,1096,"134"
147,527,1097,"94"
404,508,1098,"13"
297,458,1099,"31"
275,478,1100,"88"
29,516,1101,"41"
103,436,1102,"65"
386,484,1103,"149"
311,471,1104,"127"
214,480,1105,"17"
194,481,1106,"81"
7,515,1107,"69"
149,512,1108,"159"
298,517,1109,"169"
43,465,1110,"138"
190,490,1111,"42"
374,477,1112,"48"
14,475,1113,"78"
231,491,1114,"6"
132,417,1115,"106"
163,488,1116,"124"
114,453,1117,"179"
274,415,1118,"93"
419,442,1119,"74"
70,463,1120,"197"
363,432,1121,"147"
401,503,1122,"189"
68,431,1123,"59"
449,517,1124,"87"
252,435,1125,"167"
227,494,1126,"3"
143,502,1127,"187"
472,427,1128,"44"
276,537,1129,"52"
419,488,1130,"43"
112,516,1131,"106"
496,493,1132,"195"
428,510,1133,"31"
489,450,1134,"38"
280,525,1135,"135"
374,534,1136,"34"
207,415,1137,"86"
343,484,1138,"13"
486,453,1139,"6"
158,489,1140,"114"
347,532,1141,"93"
123,398,1142,"147"
11,464,1143,"22"
403,415,1144,"49"
249,387,1145,"55"
438,527,1146,"122"
104,409,1147,"71"
336,443,1148,"41"
341,506,1149,"127"
426,505,1150,"158"
78,409,1151,"73"
45,469,1152,"123"
458,523,1153,"176"
465,447,1154,"34"
427,420,1155,"73"
216,528,1156,"178"
295,384,1157,"41"
448,383,1158,"39"
6,454,1159,"195"
311,518,1160,"93"
142,415,1161,"147"
471,456,1162,"65"
54,388,1163,"155"
151,527,1164,"26"
45,403,1165,"150"
413,533,1166,"157"
325,486,1167,"89"
478,441,1168,"162"
13,433,1169,"197"
430,449,1170,"173"
359,477,1171,"157"
37,518,1172,"91"
330,502,1173,"128"
67,421,1174,"63"
184,422,1175,"6"
261,407,1176,"115"
261,493,1177,"15"
367,404,1178,"137"
342,460,1179,"100"
204,452,1180,"26"
146,483,1181,"106"
81,465,1182,"12"
402,417,1183,"194"
298,497,1184,"165"
172,516,1185,"152"
126,520,1186,"136"
478,533,1187,"140"
289,483,1188,"60"
380,449,1189,"167"
157,494,1190,"131"
486,478,1191,"58"
362,511,1192,"189"
53,465,1193,"76"
429,432,1194,"119"
301,496,1195,"132"
141,477,1196,"173"
104,502,1197,"143"
286,489,1198,"133"
78,530,1199,"148"
389,487,1200,"20"
489,516,1201,"42"
60,489,1202,"188"
40,410,1203,"102"
451,423,1204,"50"
447,494,1205,"103"
176,509,1206,"9"
14,430,1207,"108"
399,514,1208,"146"
81,535,1209,"62"
212,409,1210,"116"
458,402,1211,"80"
35,509,1212,"27"
468,503,1213,"53"
478,498,1214,"11"
311,392,1215,"192"
425,445,1216,"95"
97,485,1217,"11"
214,490,1218,"4"
140,385,1219,"55"
136,402,1220,"144"
271,447,1221,"14"
289,521,1222,"23"
77,472,1223,"36"
75,398,1224,"101"
324,401,1225,"151"
199,472,1226,"84"
230,482,1227,"140"
220,387,1228,"19"
110,394,1229,"21"
111,518,1230,"100"
77,498,1231,"149"
211,510,1232,"138"
493,411,1233,"110"
269,490,1234,"106"
437,497,1235,"197"
316,402,1236,"58"
127,441,1237,"165"
237,455,1238,"22"
90,498,1239,"114"
209,510,1240,"131"
48,482,1241,"2"
136,493,1242,"23"
9,443,1243,"190"
94,523,1244,"135"
224,469,1245,"141"
391,492,1246,"63"
7,459,1247,"95"
300,450,1248,"23"
228,399,1249,"13"
245,416,1250,"73"
281,527,1251,"132"
18,428,1252,"51"
9,523,1253,"137"
282,493,1254,"153"
246,425,1255,"133"
451,399,1256,"77"
224,457,1257,"9"
426,514,1258,"82"
272,476,1259,"100"
160,530,1260,"125"
15,465,1261,"63"
358,448,1262,"65"
7,529,1263,"27"
374,421,1264,"9"
253,429,1265,"97"
281,512,1266,"92"
190,384,1267,"192"
374,448,1268,"160"
38,450,1269,"70"
404,443,1270,"131"
366,455,1271,"37"
354,514,1272,"49"
362,411,1273,"132"
335,523,1274,"64"
402,411,1275,"46"
425,519,1276,"3"
134,464,1277,"187"
446,422,1278,"66"
80,442,1279,"199"
435,461,1280,"182"
410,522,1281,"175"
394,452,1282,"83"
291,519,1283,"108"
89,451,1284,"77"
249,477,1285,"15"
145,459,1286,"49"
63,449,1287,"133"
254,428,1288,"52"
351,452,1289,"73"
174,403,1290,"58"
231,510,1291,"24"
23,514,1292,"191"
2,473,1293,"51"
341,393,1294,"195"
215,431,1295,"99"
49,489,1296,"19"
458,425,1297,"80"
136,398,1298,"72"
34,433,1299,"141"
133,500,1300,"30"
47,424,1301,"198"
212,424,1302,"144"
425,499,1303,"100"
77,455,1304,"102"
422,420,1305,"77"
442,402,1306,"136"
188,430,1307,"189"
359,529,1308,"74"
309,488,1309,"199"
213,439,1310,"32"
322,447,1311,"99"
215,478,1312,"164"
394,419,1313,"142"
302,436,1314,"176"
390,533,1315,"193"
95,439,1316,"52"
50,479,1317,"145"
474,488,1318,"132"
292,465,1319,"90"
253,484,1320,"64"
473,405,1321,"131"
174,514,1322,"110"
185,496,1323,"150"
428,432,1324,"169"
241,447,1325,"83"
204,397,1326,"34"
337,504,1327,"186"
490,479,1328,"71"
215,395,1329,"91"
489,436,1330,"126"
418,428,1331,"77"
69,481,1332,"38"
34,517,1333,"63"
223,522,1334,"13"
17,504,1335,"111"
362,418,1336,"94"
163,470,1337,"195"
89,486,1338,"77"
250,387,1339,"53"
43,405,1340,"117"
28,528,1341,"61"
262,418,1342,"147"
99,506,1343,"2"
132,509,1344,"170"
116,532,1345,"49"
478,401,1346,"67"
253,401,1347,"138"
467,441,1348,"152"
166,416,1349,"76"
258,504,1350,"130"
500,459,1351,"22"
114,477,1352,"115"
456,407,1353,"134"
15,451,1354,"91"
115,482,1355,"30"
229,400,1356,"167"
437,436,1357,"31"
122,490,1358,"46"
258,447,1359,"151"
282,479,1360,"35"
136,471,1361,"165"
70,488,1362,"197"
118,403,1363,"170"
394,489,1364,"13"
171,444,1365,"135"
353,473,1366,"119"
494,475,1367,"193"
490,436,1368,"170"
359,513,1369,"128"
3,507,1370,"79"
88,504,1371,"152"
303,404,1372,"97"
496,421,1373,"145"
127,404,1374,"144"
199,501,1375,"67"
70,446,1376,"33"
259,481,1377,"108"
213,469,1378,"116"
441,515,1379,"169"
64,409,1380,"109"
56,494,1381,"18"
26,390,1382,"84"
291,486,1383,"174"
213,412,1384,"151"
252,477,1385,"180"
19,482,1386,"2"
389,414,1387,"130"
338,456,1388,"113"
351,518,1389,"10"
407,453,1390,"121"
487,473,1391,"65"
64,456,1392,"29"
159,402,1393,"49"
369,535,1394,"130"
423,396,1395,"121"
394,385,1396,"147"
257,393,1397,"183"
80,498,1398,"125"
101,424,1399,"164"
140,498,1400,"33"
46,497,1401,"7"
291,526,1402,"195"
438,411,1403,"97"
344,427,1404,"80"
32,384,1405,"111"
409,486,1406,"112"
67,483,1407,"133"
449,423,1408,"187"
487,474,1409,"125"
27,404,1410,"8"
91,409,1411,"147"
172,526,1412,"102"
240,484,1413,"68"
318,502,1414,"78"
478,506,1415,"1"
393,519,1416,"97"
179,397,1417,"146"
477,519,1418,"72"
430,416,1419,"106"
131,482,1420,"85"
262,477,1421,"177"
446,439,1422,"24"
363,471,1423,"127"
183,465,1424,"115"
27,428,1425,"111"
213,457,1426,"184"
6,429,1427,"174"
34,438,1428,"74"
464,456,1429,"182"
454,483,1430,"6"
282,484,1431,"54"
441,459,1432,"144"
122,467,1433,"197"
56,460,1434,"46"
327,503,1435,"15"
69,499,1436,"190"
399,493,1437,"194"
129,389,1438,"98"
94,432,1439,"191"
41,480,1440,"162"
434,515,1441,"119"
384,447,1442,"108"
201,464,1443,"69"
315,429,1444,"81"
451,451,1445,"98"
322,404,1446,"15"
181,529,1447,"169"
380,505,1448,"97"
314,445,1449,"124"
212,507,1450,"26"
10,472,1451,"112"
122,525,1452,"56"
243,511,1453,"163"
221,501,1454,"34"
197,437,1455,"46"
404,531,1456,"102"
436,401,1457,"45"
21,506,1458,"69"
70,392,1459,"46"
479,484,1460,"92"
91,496,1461,"51"
462,484,1462,"117"
330,440,1463,"98"
333,508,1464,"114"
200,494,1465,"100"
450,510,1466,"99"
300,404,1467,"88"
69,531,1468,"175"
111,426,1469,"17"
438,390,1470,"187"
402,444,1471,"95"
446,514,1472,"191"
27,507,1473,"95"
300,522,1474,"72"
67,486,1475,"160"
278,456,1476,"21"
255,392,1477,"81"
431,442,1478,"139"
72,521,1479,"95"
227,470,1480,"148"
202,428,1481,"49"
163,441,1482,"134"
215,427,1483,"99"
470,395,1484,"136"
434,505,1485,"143"
261,465,1486,"129"
93,502,1487,"115"
237,531,1488,"24"
267,394,1489,"176"
375,417,1490,"111"
98,467,1491,"65"
33,402,1492,"152"
292,417,1493,"85"
208,447,1494,"60"
98,528,1495,"22"
61,499,1496,"129"
70,463,1497,"103"
101,531,1498,"159"
401,521,1499,"89"
85,446,1500,"147"
393,518,1501,"53"
200,474,1502,"89"
134,425,1503,"132"
154,415,1504,"23"
168,408,1505,"110"
253,441,1506,"172"
343,398,1507,"114"
47,521,1508,"25"
375,427,1509,"47"
296,477,1510,"2"
8,509,1511,"99"
444,503,1512,"44"
124,432,1513,"90"
227,413,1514,"127"
105,449,1515,"39"
279,446,1516,"160"
228,454,1517,"50"
93,486,1518,"160"
428,385,1519,"105"
154,534,1520,"146"
302,386,1521,"26"
227,492,1522,"19"
187,516,1523,"42"
5,411,1524,"130"
416,462,1525,"70"
255,438,1526,"167"
189,388,1527,"149"
408,472,1528,"40"
140,501,1529,"180"
212,494,1530,"104"
166,427,1531,"68"
104,500,1532,"115"
475,424,1533,"2"
117,387,1534,"12"
282,483,1535,"94"
445,477,1536,"155"
481,504,1537,"199"
412,481,1538,"114"
56,508,1539,"172"
97,463,1540,"39"
25,395,1541,"178"
171,498,1542,"163"
245,463,1543,"198"
313,396,1544,"11"
378,394,1545,"64"
306,400,1546,"133"
77,470,1547,"17"
209,493,1548,"161"
365,511,1549,"8"
254,450,1550,"72"
270,454,1551,"3"
21,440,1552,"100"
346,462,1553,"123"
164,518,1554,"84"
110,413,1555,"148"
162,504,1556,"130"
471,442,1557,"44"
94,408,1558,"167"
208,387,1559,"155"
366,486,1560,"79"
158,414,1561,"166"
279,418,1562,"78"
320,474,1563,"171"
261,477,1564,"18"
102,488,1565,"113"
50,395,1566,"37"
437,488,1567,"185"
155,456,1568,"5"
54,519,1569,"128"
163,503,1570,"76"
292,450,1571,"56"
435,460,1572,"80"
107,440,1573,"133"
369,537,1574,"113"
380,417,1575,"184"
409,452,1576,"149"
175,480,1577,"61"
342,518,1578,"200"
419,433,1579,"86"
11,397,1580,"89"
270,509,1581,"17"
173,454,1582,"170"
451,424,1583,"178"
138,499,1584,"65"
73,397,1585,"59"
411,473,1586,"173"
98,414,1587,"57"
14,451,1588,"48"
161,445,1589,"8"
287,412,1590,"59"
256,462,1591,"188"
136,433,1592,"35"
19,462,1593,"195"
346,446,1594,"73"
133,525,1595,"109"
308,463,1596,"178"
466,408,1597,"68"
277,448,1598,"84"
444,436,1599,"48"
335,528,1600,"112"
353,524,1601,"54"
154,402,1602,"73"
370,495,1603,"159"
439,433,1604,"37"
187,510,1605,"88"
148,385,1606,"77"
131,489,1607,"199"
11,466,1608,"157"
356,493,1609,"81"
31,519,1610,"113"
118,385,1611,"172"
76,400,1612,"25"
294,392,1613,"100"
191,428,1614,"39"
464,463,1615,"15"
113,453,1616,"192"
397,452,1617,"135"
464,405,1618,"31"
316,446,1619,"98"
17,446,1620,"198"
460,476,1621,"102"
474,417,1622,"68"
421,468,1623,"142"
307,463,1624,"170"
22,453,1625,"38"
102,436,1626,"181"
365,423,1627,"189"
297,385,1628,"37"
472,449,1629,"10"
68,442,1630,"64"
178,512,1631,"96"
436,475,1632,"194"
202,533,1633,"153"
139,504,1634,"172"
81,445,1635,"137"
117,522,1636,"164"
317,392,1637,"119"
42,406,1638,"20"
340,389,1639,"189"
73,536,1640,"179"
308,511,1641,"20"
254,383,1642,"79"
160,399,1643,"158"
445,387,1644,"18"
332,447,1645,"47"
107,469,1646,"36"
372,427,1647,"138"
390,448,1648,"150"
296,468,1649,"87"
270,448,1650,"150"
194,497,1651,"133"
194,450,1652,"141"
64,388,1653,"114"
397,434,1654,"174"
481,458,1655,"67"
183,393,1656,"102"
250,429,1657,"20"
295,391,1658,"2"
169,534,1659,"118"
283,427,1660,"158"
308,511,1661,"22"
319,410,1662,"128"
382,416,1663,"65"
148,492,1664,"128"
244,491,1665,"170"
323,493,1666,"153"
379,394,1667,"14"
449,465,1668,"186"
353,385,1669,"198"
256,462,1670,"75"
367,465,1671,"188"
65,395,1672,"118"
286,516,1673,"169"
103,514,1674,"74"
255,401,1675,"95"
241,480,1676,"181"
173,518,1677,"116"
345,517,1678,"200"
149,408,1679,"169"
344,460,1680,"175"
228,428,1681,"54"
18,496,1682,"128"
302,496,1683,"154"
327,479,1684,"122"
402,427,1685,"156"
478,473,1686,"25"
158,517,1687,"28"
308,512,1688,"37"
304,420,1689,"50"
445,513,1690,"183"
370,432,1691,"95"
109,393,1692,"109"
484,425,1693,"119"
276,417,1694,"30"
45,394,1695,"61"
446,510,1696,"7"
170,414,1697,"109"
37,490,1698,"48"
87,515,1699,"42"
495,464,1700,"118"
74,445,1701,"49"
10,519,1702,"86"
281,456,1703,"15"
495,508,1704,"133"
361,491,1705,"43"
425,496,1706,"50"
359,496,1707,"63"
456,422,1708,"196"
88,502,1709,"48"
150,464,1710,"153"
192,501,1711,"63"
155,415,1712,"119"
313,403,1713,"128"
248,409,1714,"81"
345,509,1715,"21"
426,495,1716,"143"
218,448,1717,"111"
88,428,1718,"44"
333,455,1719,"50"
264,386,1720,"142"
27,495,1721,"88"
200,505,1722,"157"
53,453,1723,"156"
174,495,1724,"134"
236,392,1725,"193"
265,483,1726,"76"
293,429,1727,"6"
381,503,1728,"81"
229,519,1729,"125"
156,500,1730,"187"
392,419,1731,"180"
354,417,1732,"156"
323,402,1733,"50"
75,414,1734,"126"
232,391,1735,"170"
34,464,1736,"7"
405,483,1737,"189"
37,518,1738,"31"
19,501,1739,"170"
85,416,1740,"92"
151,436,1741,"130"
161,400,1742,"187"
356,410,1743,"32"
412,402,1744,"95"
123,420,1745,"5"
490,497,1746,"10"
3,403,1747,"28"
406,445,1748,"9"
117,384,1749,"118"
206,468,1750,"183"
121,486,1751,"13"
378,518,1752,"92"
417,534,1753,"162"
97,460,1754,"21"
83,472,1755,"30"
385,445,1756,"141"
163,527,1757,"43"
296,401,1758,"6"
403,423,1759,"70"
48,390,1760,"42"
329,459,1761,"186"
462,440,1762,"81"
398,486,1763,"28"
375,421,1764,"166"
220,383,1765,"18"
105,478,1766,"141"
430,503,1767,"51"
236,468,1768,"70"
196,498,1769,"113"
330,505,1770,"90"
1,529,1771,"32"
99,494,1772,"74"
85,459,1773,"149"
110,391,1774,"99"
387,441,1775,"154"
298,443,1776,"53"
163,390,1777,"114"
40,398,1778,"44"
102,511,1779,"133"
32,439,1780,"133"
160,516,1781,"191"
166,513,1782,"160"
436,476,1783,"114"
128,499,1784,"56"
414,402,1785,"97"
393,435,1786,"186"
466,527,1787,"64"
37,465,1788,"158"
113,520,1789,"108"
312,452,1790,"38"
275,464,1791,"85"
160,488,1792,"164"
129,480,1793,"156"
127,457,1794,"39"
428,393,1795,"125"
14,527,1796,"92"
368,531,1797,"116"
305,400,1798,"44"
143,529,1799,"130"
120,443,1800,"57"
163,528,1801,"78"
116,458,1802,"112"
439,536,1803,"107"
397,495,1804,"174"
416,453,1805,"197"
363,389,1806,"97"
138,394,1807,"97"
18,509,1808,"68"
413,500,1809,"176"
244,514,1810,"12"
285,488,1811,"111"
186,507,1812,"3"
138,533,1813,"75"
269,438,1814,"26"
480,400,1815,"67"
173,498,1816,"108"
212,490,1817,"44"
390,427,1818,"27"
9,456,1819,"163"
198,443,1820,"141"
243,412,1821,"50"
372,534,1822,"2"
74,431,1823,"56"
97,402,1824,"116"
64,420,1825,"20"
96,410,1826,"84"
100,513,1827,"18"
364,524,1828,"158"
446,479,1829,"131"
157,422,1830,"104"
103,535,1831,"78"
342,494,1832,"69"
407,429,1833,"56"
481,506,1834,"47"
496,478,1835,"55"
129,414,1836,"177"
467,531,1837,"183"
215,504,1838,"93"
235,517,1839,"88"
116,495,1840,"116"
311,476,1841,"167"
487,466,1842,"198"
197,455,1843,"32"
243,491,1844,"175"
303,488,1845,"60"
223,411,1846,"77"
20,394,1847,"187"
149,435,1848,"165"
427,482,1849,"199"
149,441,1850,"171"
138,450,1851,"133"
117,460,1852,"44"
198,396,1853,"128"
357,476,1854,"59"
111,435,1855,"193"
397,503,1856,"21"
465,496,1857,"128"
483,502,1858,"68"
499,424,1859,"45"
94,462,1860,"142"
350,470,1861,"172"
179,439,1862,"111"
451,406,1863,"78"
376,408,1864,"168"
108,506,1865,"6"
171,532,1866,"77"
56,531,1867,"172"
319,416,1868,"79"
325,504,1869,"195"
305,409,1870,"146"
167,407,1871,"35"
380,492,1872,"61"
32,417,1873,"6"
404,496,1874,"149"
405,433,1875,"109"
258,445,1876,"140"
120,492,1877,"152"
462,402,1878,"42"
136,431,1879,"14"
375,482,1880,"182"
279,431,1881,"92"
414,384,1882,"187"
167,394,1883,"174"
384,481,1884,"198"
226,460,1885,"28"
191,404,1886,"1"
488,525,1887,"5"
277,456,1888,"156"
202,462,1889,"108"
432,496,1890,"56"
482,401,1891,"87"
58,496,1892,"29"
187,452,1893,"43"
87,492,1894,"124"
78,404,1895,"157"
61,502,1896,"71"
255,431,1897,"86"
351,403,1898,"32"
184,394,1899,"110"
256,395,1900,"81"
420,428,1901,"133"
30,392,1902,"108"
339,392,1903,"68"
17,450,1904,"90"
214,495,1905,"17"
59,498,1906,"123"
76,520,1907,"115"
96,455,1908,"25"
337,389,1909,"160"
379,408,1910,"140"
61,385,1911,"71"
261,531,1912,"75"
102,448,1913,"141"
115,505,1914,"58"
224,500,1915,"93"
195,385,1916,"5"
309,417,1917,"141"
160,523,1918,"13"
45,515,1919,"45"
97,497,1920,"162"
356,425,1921,"183"
388,430,1922,"155"
311,455,1923,"70"
37,525,1924,"15"
100,537,1925,"2"
181,457,1926,"162"
180,423,1927,"160"
491,531,1928,"92"
66,495,1929,"20"
465,515,1930,"105"
23,394,1931,"79"
403,479,1932,"63"
8,522,1933,"177"
111,413,1934,"176"
443,463,1935,"6"
93,499,1936,"21"
412,536,1937,"14"
10,489,1938,"27"
266,453,1939,"161"
157,507,1940,"36"
401,459,1941,"33"
431,495,1942,"117"
464,491,1943,"196"
185,417,1944,"42"
100,523,1945,"194"
143,511,1946,"154"
137,398,1947,"183"
100,503,1948,"92"
254,487,1949,"31"
57,426,1950,"178"
208,482,1951,"91"
303,439,1952,"114"
23,504,1953,"184"
165,412,1954,"61"
446,409,1955,"20"
36,451,1956,"13"
132,451,1957,"153"
136,481,1958,"41"
437,431,1959,"170"
376,486,1960,"46"
448,444,1961,"48"
17,430,1962,"56"
94,524,1963,"29"
116,475,1964,"159"
33,468,1965,"63"
452,485,1966,"140"
64,406,1967,"111"
357,419,1968,"197"
63,412,1969,"48"
269,434,1970,"28"
475,427,1971,"151"
370,426,1972,"82"
161,497,1973,"138"
169,430,1974,"52"
199,495,1975,"82"
394,436,1976,"135"
449,408,1977,"38"
447,451,1978,"9"
485,469,1979,"183"
78,421,1980,"171"
291,463,1981,"150"
31,474,1982,"183"
106,423,1983,"139"
60,470,1984,"108"
403,414,1985,"152"
354,475,1986,"33"
224,435,1987,"151"
412,414,1988,"130"
328,494,1989,"110"
494,532,1990,"138"
234,405,1991,"78"
148,440,1992,"74"
232,451,1993,"84"
408,498,1994,"24"
398,439,1995,"135"
10,434,1996,"170"
436,519,1997,"34"
199,389,1998,"20"
138,473,1999,"135"
371,478,2000,"113"
244,432,2001,"135"
54,412,2002,"165"
212,423,2003,"41"
68,395,2004,"18"
353,422,2005,"23"
324,426,2006,"175"
75,485,2007,"153"
4,435,2008,"177"
434,470,2009,"128"
384,461,2010,"177"
182,467,2011,"105"
66,446,2012,"83"
49,442,2013,"100"
303,424,2014,"177"
356,508,2015,"115"
292,522,2016,"155"
13,522,2017,"100"
470,446,2018,"125"
309,393,2019,"57"
175,438,2020,"40"
396,456,2021,"73"
396,411,2022,"69"
311,391,2023,"123"
15,415,2024,"96"
469,401,2025,"52"
244,503,2026,"66"
430,503,2027,"144"
127,496,2028,"102"
33,420,2029,"142"
45,437,2030,"40"
198,457,2031,"69"
181,490,2032,"128"
152,429,2033,"9"
275,418,2034,"60"
313,469,2035,"80"
44,479,2036,"195"
473,426,2037,"24"
335,441,2038,"62"
496,387,2039,"29"
315,534,2040,"187"
271,394,2041,"21"
415,468,2042,"182"
102,457,2043,"150"
461,499,2044,"182"
301,396,2045,"130"
243,476,2046,"24"
84,497,2047,"172"
462,471,2048,"103"
132,435,2049,"127"
137,444,2050,"6"
246,450,2051,"72"
14,472,2052,"90"
401,425,2053,"98"
477,510,2054,"33"
115,477,2055,"131"
128,420,2056,"100"
207,467,2057,"3"
282,465,2058,"145"
309,426,2059,"186"
241,432,2060,"149"
119,526,2061,"47"
150,461,2062,"127"
121,407,2063,"27"
71,491,2064,"45"
305,398,2065,"24"
90,465,2066,"28"
215,506,2067,"112"
463,430,2068,"107"
14,406,2069,"1"
74,468,2070,"20"
337,480,2071,"161"
71,471,2072,"23"
175,467,2073,"126"
304,390,2074,"118"
421,395,2075,"155"
124,461,2076,"158"
114,487,2077,"113"
50,510,2078,"2"
330,478,2079,"5"
117,488,2080,"105"
136,472,2081,"81"
264,384,2082,"49"
228,477,2083,"199"
413,500,2084,"97"
198,438,2085,"44"
138,425,2086,"98"
319,536,2087,"4"
497,476,2088,"99"
317,493,2089,"2"
40,469,2090,"130"
426,437,2091,"108"
275,476,2092,"148"
304,398,2093,"176"
495,420,2094,"36"
106,509,2095,"94"
250,448,2096,"57"
322,510,2097,"30"
439,440,2098,"170"
397,409,2099,"59"
493,410,2100,"110"
83,507,2101,"184"
482,493,2102,"105"
160,441,2103,"8"
181,413,2104,"28"
153,445,2105,"195"
448,511,2106,"178"
218,531,2107,"37"
364,483,2108,"61"
220,524,2109,"101"
431,492,2110,"18"
201,457,2111,"88"
226,429,2112,"186"
473,501,2113,"52"
306,495,2114,"135"
34,503,2115,"34"
15,394,2116,"15"
337,416,2117,"60"
78,502,2118,"50"
473,531,2119,"112"
70,480,2120,"86"
163,486,2121,"157"
64,528,2122,"50"
454,516,2123,"35"
186,442,2124,"106"
204,449,2125,"141"
401,534,2126,"179"
402,499,2127,"91"
91,529,2128,"86"
58,470,2129,"142"
452,534,2130,"156"
152,441,2131,"146"
268,494,2132,"12"
453,503,2133,"144"
455,525,2134,"150"
229,482,2135,"27"
135,476,2136,"94"
224,505,2137,"138"
59,535,2138,"50"
396,471,2139,"174"
32,471,2140,"90"
160,527,2141,"61"
232,477,2142,"166"
458,437,2143,"54"
112,494,2144,"128"
278,487,2145,"177"
141,389,2146,"152"
11,505,2147,"178"
129,453,2148,"78"
290,532,2149,"146"
451,421,2150,"87"
202,403,2151,"74"
169,467,2152,"1"
185,404,2153,"195"
150,512,2154,"115"
495,470,2155,"64"
222,415,2156,"15"
218,477,2157,"18"
237,502,2158,"91"
8,536,2159,"187"
157,534,2160,"112"
171,439,2161,"140"
298,519,2162,"116"
67,519,2163,"126"
391,527,2164,"97"
184,408,2165,"55"
76,412,2166,"32"
303,522,2167,"65"
344,431,2168,"16"
334,507,2169,"183"
313,515,2170,"53"
484,529,2171,"14"
480,518,2172,"168"
219,391,2173,"159"
235,447,2174,"77"
103,515,2175,"163"
126,524,2176,"139"
30,392,2177,"43"
236,434,2178,"151"
40,418,2179,"19"
323,435,2180,"23"
450,444,2181,"78"
259,459,2182,"197"
190,503,2183,"111"
327,526,2184,"12"
106,526,2185,"166"
128,426,2186,"23"
132,494,2187,"132"
253,508,2188,"121"
313,437,2189,"105"
130,533,2190,"42"
104,443,2191,"65"
224,407,2192,"181"
14,398,2193,"12"
339,470,2194,"178"
359,474,2195,"198"
34,383,2196,"79"
280,531,2197,"124"
232,406,2198,"49"
192,492,2199,"35"
405,468,2200,"186"
382,513,2201,"104"
256,494,2202,"46"
450,496,2203,"152"
176,425,2204,"73"
71,522,2205,"93"
439,510,2206,"33"
306,528,2207,"157"
29,487,2208,"92"
300,436,2209,"137"
300,515,2210,"165"
177,443,2211,"52"
112,490,2212,"128"
353,488,2213,"40"
339,497,2214,"12"
319,435,2215,"41"
401,475,2216,"9"
118,507,2217,"132"
334,390,2218,"28"
279,499,2219,"38"
184,446,2220,"15"
274,469,2221,"59"
280,482,2222,"134"
311,383,2223,"185"
346,514,2224,"4"
107,511,2225,"17"
133,472,2226,"15"
369,454,2227,"159"
469,534,2228,"48"
121,400,2229,"194"
489,455,2230,"5"
347,521,2231,"44"
45,431,2232,"31"
3,406,2233,"111"
232,409,2234,"134"
322,388,2235,"195"
280,500,2236,"117"
229,440,2237,"144"
197,409,2238,"71"
259,398,2239,"111"
95,508,2240,"34"
403,516,2241,"12"
448,431,2242,"155"
164,430,2243,"29"
37,389,2244,"170"
200,395,2245,"105"
469,531,2246,"170"
233,483,2247,"79"
307,493,2248,"66"
455,437,2249,"60"
356,509,2250,"66"
53,442,2251,"48"
352,444,2252,"13"
424,508,2253,"124"
488,506,2254,"63"
107,431,2255,"98"
41,392,2256,"49"
220,490,2257,"49"
54,385,2258,"82"
384,493,2259,"178"
112,428,2260,"139"
402,536,2261,"22"
487,397,2262,"91"
376,509,2263,"190"
31,418,2264,"193"
41,498,2265,"151"
440,450,2266,"149"
347,393,2267,"3"
498,537,2268,"136"
16,467,2269,"196"
441,472,2270,"149"
157,459,2271,"129"
277,395,2272,"152"
254,433,2273,"28"
426,466,2274,"148"
15,531,2275,"12"
314,404,2276,"103"
57,482,2277,"145"
120,447,2278,"85"
257,413,2279,"116"
425,454,2280,"160"
245,405,2281,"30"
248,508,2282,"31"
358,394,2283,"123"
323,448,2284,"12"
359,428,2285,"87"
93,443,2286,"8"
133,490,2287,"9"
482,521,2288,"171"
232,494,2289,"166"
179,488,2290,"46"
261,493,2291,"186"
361,526,2292,"121"
368,509,2293,"31"
321,504,2294,"52"
20,469,2295,"56"
144,474,2296,"41"
384,416,2297,"121"
428,397,2298,"61"
263,440,2299,"10"
316,453,2300,"133"
354,433,2301,"69"
195,401,2302,"29"
371,499,2303,"86"
290,434,2304,"191"
341,454,2305,"18"
173,488,2306,"69"
284,407,2307,"51"
118,514,2308,"17"
308,409,2309,"157"
262,530,2310,"140"
236,522,2311,"156"
193,438,2312,"156"
45,523,2313,"168"
494,527,2314,"47"
319,433,2315,"191"
65,411,2316,"53"
154,384,2317,"136"
52,445,2318,"119"
471,405,2319,"109"
48,434,2320,"105"
260,513,2321,"37"
67,520,2322,"63"
330,475,2323,"78"
494,522,2324,"72"
272,449,2325,"173"
244,404,2326,"17"
477,417,2327,"176"
7,537,2328,"147"
132,521,2329,"60"
158,441,2330,"197"
222,468,2331,"95"
454,523,2332,"129"
385,469,2333,"71"
73,460,2334,"52"
424,499,2335,"148"
318,497,2336,"151"
482,536,2337,"80"
306,424,2338,"4"
143,404,2339,"162"
204,487,2340,"158"
80,469,2341,"18"
62,477,2342,"45"
196,404,2343,"83"
450,403,2344,"86"
68,517,2345,"41"
205,424,2346,"72"
454,420,2347,"47"
130,437,2348,"98"
490,476,2349,"178"
429,460,2350,"103"
345,527,2351,"120"
358,464,2352,"109"
453,533,2353,"161"
448,402,2354,"138"
242,402,2355,"27"
1,387,2356,"26"
182,394,2357,"82"
488,402,2358,"98"
263,508,2359,"199"
220,384,2360,"172"
298,466,2361,"80"
188,473,2362,"41"
223,412,2363,"59"
282,440,2364,"69"
475,426,2365,"67"
63,426,2366,"56"
39,414,2367,"95"
132,389,2368,"79"
357,444,2369,"17"
468,383,2370,"172"
30,467,2371,"123"
86,389,2372,"35"
42,399,2373,"183"
422,386,2374,"18"
242,461,2375,"162"
210,476,2376,"155"
354,463,2377,"56"
290,435,2378,"167"
193,394,2379,"116"
75,410,2380,"163"
500,420,2381,"94"
381,402,2382,"84"
485,452,2383,"3"
148,434,2384,"108"
97,536,2385,"173"
484,529,2386,"66"
172,384,2387,"176"
206,483,2388,"78"
215,390,2389,"2"
369,525,2390,"76"
174,443,2391,"170"
85,388,2392,"61"
225,473,2393,"56"
149,516,2394,"186"
68,501,2395,"162"
281,532,2396,"75"
485,395,2397,"36"
126,392,2398,"36"
158,485,2399,"113"
62,427,2400,"52"
481,427,2401,"89"
364,457,2402,"5"
456,412,2403,"42"
385,531,2404,"32"
498,506,2405,"77"
221,458,2406,"60"
194,519,2407,"77"
388,460,2408,"100"
314,454,2409,"60"
266,383,2410,"46"
209,474,2411,"24"
177,474,2412,"115"
275,476,2413,"96"
126,432,2414,"94"
443,518,2415,"106"
378,457,2416,"27"
58,473,2417,"42"
447,495,2418,"121"
94,392,2419,"31"
418,481,2420,"114"
449,471,2421,"23"
316,400,2422,"3"
403,497,2423,"16"
223,397,2424,"34"
431,418,2425,"134"
365,418,2426,"39"
437,438,2427,"106"
213,442,2428,"189"
46,442,2429,"109"
214,469,2430,"1"
342,416,2431,"173"
296,475,2432,"179"
92,495,2433,"169"
234,494,2434,"114"
150,480,2435,"29"
453,409,2436,"26"
216,502,2437,"87"
287,494,2438,"150"
37,406,2439,"21"
285,411,2440,"153"
432,525,2441,"76"
308,519,2442,"69"
364,493,2443,"42"
197,501,2444,"83"
18,536,2445,"153"
220,395,2446,"164"
253,421,2447,"135"
280,452,2448,"161"
151,521,2449,"144"
364,390,2450,"102"
26,492,2451,"135"
460,469,2452,"198"
389,402,2453,"142"
34,451,2454,"137"
427,445,2455,"100"
452,422,2456,"148"
123,515,2457,"135"
343,407,2458,"155"
404,517,2459,"137"
236,388,2460,"12"
101,463,2461,"63"
16,459,2462,"89"
355,431,2463,"31"
256,401,2464,"71"
372,448,2465,"166"
408,480,2466,"101"
280,447,2467,"48"
385,420,2468,"133"
220,519,2469,"40"
169,445,2470,"119"
328,440,2471,"105"
260,415,2472,"52"
124,525,2473,"85"
286,400,2474,"84"
47,476,2475,"179"
256,395,2476,"136"
451,393,2477,"119"
2,388,2478,"96"
96,508,2479,"125"
87,464,2480,"195"
154,533,2481,"153"
46,435,2482,"130"
221,514,2483,"183"
4,518,2484,"36"
226,402,2485,"133"
239,390,2486,"196"
32,455,2487,"107"
335,495,2488,"7"
321,440,2489,"184"
277,497,2490,"115"
119,467,2491,"18"
92,459,2492,"125"
102,506,2493,"71"
114,473,2494,"70"
55,406,2495,"9"
339,396,2496,"192"
363,467,2497,"40"
67,397,2498,"143"
84,533,2499,"154"
290,442,2500,"35"
157,513,2501,"99"
307,491,2502,"39"
452,536,2503,"97"
263,536,2504,"198"
149,492,2505,"61"
134,474,2506,"166"
267,483,2507,"157"
246,444,2508,"49"
64,467,2509,"79"
162,383,2510,"127"
239,478,2511,"196"
482,504,2512,"128"
173,529,2513,"98"
55,456,2514,"101"
257,386,2515,"33"
35,399,2516,"76"
380,455,2517,"48"
199,453,2518,"134"
236,444,2519,"4"
346,385,2520,"59"
319,434,2521,"37"
314,387,2522,"155"
303,478,2523,"39"
255,485,2524,"3"
198,535,2525,"177"
239,418,2526,"71"
410,454,2527,"114"
388,537,2528,"90"
325,457,2529,"144"
42,466,2530,"181"
227,454,2531,"92"
450,424,2532,"85"
43,463,2533,"181"
248,444,2534,"179"
80,460,2535,"192"
13,488,2536,"90"
417,424,2537,"48"
170,389,2538,"161"
173,424,2539,"35"
306,457,2540,"139"
263,409,2541,"21"
420,488,2542,"175"
90,393,2543,"66"
310,474,2544,"34"
376,400,2545,"79"
82,487,2546,"103"
95,486,2547,"25"
71,464,2548,"165"
151,397,2549,"25"
417,521,2550,"124"
56,397,2551,"20"
323,419,2552,"180"
230,513,2553,"76"
254,498,2554,"128"
387,418,2555,"87"
14,417,2556,"48"
81,498,2557,"24"
206,462,2558,"190"
148,497,2559,"77"
49,494,2560,"18"
97,391,2561,"185"
203,487,2562,"72"
242,467,2563,"48"
208,394,2564,"87"
217,515,2565,"7"
203,442,2566,"86"
181,524,2567,"193"
481,497,2568,"6"
237,436,2569,"55"
289,501,2570,"200"
208,527,2571,"81"
100,509,2572,"47"
321,519,2573,"142"
312,532,2574,"200"
359,387,2575,"86"
91,525,2576,"15"
297,423,2577,"52"
422,433,2578,"1"
325,391,2579,"92"
325,454,2580,"90"
489,511,2581,"122"
145,450,2582,"17"
240,419,2583,"174"
78,411,2584,"37"
226,514,2585,"124"
294,475,2586,"196"
187,533,2587,"12"
124,447,2588,"31"
307,422,2589,"146"
266,408,2590,"117"
339,464,2591,"96"
18,522,2592,"10"
38,413,2593,"34"
115,497,2594,"114"
61,479,2595,"87"
61,479,2596,"19"
355,478,2597,"165"
417,421,2598,"35"
10,482,2599,"141"
303,456,2600,"13"
133,535,2601,"47"
190,425,2602,"112"
448,448,2603,"139"
334,449,2604,"173"
171,504,2605,"33"
70,455,2606,"85"
93,482,2607,"188"
107,464,2608,"25"
238,492,2609,"185"
165,522,2610,"186"
175,477,2611,"127"
208,425,2612,"31"
235,526,2613,"95"
397,390,2614,"136"
15,426,2615,"13"
484,447,2616,"150"
239,387,2617,"191"
333,479,2618,"68"
267,451,2619,"131"
438,413,2620,"173"
297,460,2621,"106"
63,507,2622,"146"
426,483,2623,"89"
386,460,2624,"177"
262,454,2625,"37"
103,385,2626,"114"
113,410,2627,"6"
200,407,2628,"97"
97,425,2629,"49"
206,396,2630,"90"
474,432,2631,"11"
79,414,2632,"93"
415,410,2633,"177"
268,439,2634,"44"
124,494,2635,"144"
428,522,2636,"103"
208,496,2637,"189"
34,470,2638,"115"
307,495,2639,"180"
468,438,2640,"157"
358,423,2641,"144"
469,531,2642,"109"
191,436,2643,"197"
412,392,2644,"11"
191,433,2645,"23"
278,537,2646,"132"
319,536,2647,"35"
37,411,2648,"184"
20,501,2649,"97"
396,537,2650,"95"
426,405,2651,"24"
224,419,2652,"115"
129,456,2653,"122"
397,392,2654,"130"
112,451,2655,"160"
369,497,2656,"64"
69,485,2657,"100"
396,418,2658,"90"
190,409,2659,"140"
253,529,2660,"111"
316,393,2661,"106"
457,422,2662,"113"
131,396,2663,"18"
78,453,2664,"157"
475,472,2665,"190"
223,425,2666,"95"
58,434,2667,"105"
457,510,2668,"48"
186,434,2669,"200"
61,490,2670,"104"
3,501,2671,"43"
134,525,2672,"75"
483,441,2673,"180"
440,466,2674,"127"
104,475,2675,"29"
123,486,2676,"11"
468,432,2677,"20"
79,430,2678,"167"
336,444,2679,"187"
357,505,2680,"77"
172,425,2681,"100"
95,405,2682,"95"
136,444,2683,"197"
58,450,2684,"156"
215,396,2685,"160"
113,504,2686,"165"
152,383,2687,"67"
134,430,2688,"98"
133,387,2689,"111"
304,456,2690,"60"
328,446,2691,"42"
31,390,2692,"117"
287,523,2693,"56"
244,469,2694,"185"
121,475,2695,"30"
458,474,2696,"150"
271,438,2697,"57"
343,387,2698,"53"
133,419,2699,"79"
201,419,2700,"25"
53,529,2701,"79"
301,490,2702,"92"
348,403,2703,"31"
467,442,2704,"55"
258,399,2705,"40"
265,528,2706,"14"
214,474,2707,"128"
415,395,2708,"156"
85,472,2709,"115"
313,501,2710,"82"
400,536,2711,"8"
371,410,2712,"15"
81,450,2713,"165"
48,459,2714,"98"
251,409,2715,"175"
471,439,2716,"144"
43,451,2717,"94"
171,537,2718,"15"
373,389,2719,"150"
60,512,2720,"29"
155,536,2721,"136"
109,503,2722,"24"
286,477,2723,"31"
358,444,2724,"155"
234,517,2725,"110"
58,389,2726,"158"
142,404,2727,"39"
147,387,2728,"80"
186,438,2729,"174"
227,440,2730,"38"
416,407,2731,"150"
278,441,2732,"16"
24,431,2733,"87"
104,405,2734,"110"
173,472,2735,"13"
182,445,2736,"184"
421,529,2737,"35"
77,466,2738,"189"
229,425,2739,"1"
191,444,2740,"162"
90,519,2741,"193"
127,521,2742,"180"
307,534,2743,"40"
470,419,2744,"14"
127,495,2745,"63"
398,453,2746,"148"
193,453,2747,"20"
451,527,2748,"139"
165,427,2749,"54"
405,520,2750,"74"
167,470,2751,"50"
477,410,2752,"128"
359,402,2753,"116"
255,484,2754,"144"
488,455,2755,"187"
101,510,2756,"111"
410,394,2757,"160"
246,426,2758,"23"
294,511,2759,"158"
293,407,2760,"3"
401,489,2761,"104"
91,413,2762,"11"
253,488,2763,"185"
4,420,2764,"73"
370,464,2765,"176"
381,468,2766,"189"
289,426,2767,"149"
293,421,2768,"149"
494,413,2769,"65"
324,394,2770,"47"
485,420,2771,"41"
106,409,2772,"152"
351,440,2773,"90"
165,478,2774,"85"
74,439,2775,"91"
366,499,2776,"160"
96,482,2777,"169"
384,490,2778,"110"
368,404,2779,"116"
455,410,2780,"14"
234,386,2781,"150"
231,516,2782,"160"
214,478,2783,"187"
94,513,2784,"43"
15,536,2785,"152"
487,508,2786,"134"
3,487,2787,"157"
177,453,2788,"165"
83,449,2789,"75"
225,469,2790,"92"
15,511,2791,"79"
124,442,2792,"45"
189,487,2793,"109"
16,528,2794,"105"
323,529,2795,"104"
80,434,2796,"149"
292,481,2797,"155"
462,425,2798,"48"
276,436,2799,"116"
213,439,2800,"84"
50,385,2801,"51"
421,474,2802,"193"
46,504,2803,"99"
212,526,2804,"77"
496,415,2805,"30"
115,408,2806,"152"
161,448,2807,"103"
469,533,2808,"82"
222,528,2809,"16"
157,466,2810,"102"
330,473,2811,"183"
356,397,2812,"104"
270,402,2813,"121"
275,407,2814,"95"
158,437,2815,"48"
328,440,2816,"186"
440,440,2817,"196"
363,499,2818,"5"
473,520,2819,"56"
222,442,2820,"137"
323,510,2821,"186"
465,466,2822,"152"
410,404,2823,"5"
233,505,2824,"168"
27,406,2825,"106"
6,507,2826,"35"
130,383,2827,"9"
478,527,2828,"49"
383,486,2829,"152"
348,455,2830,"132"
216,452,2831,"80"
271,475,2832,"144"
174,439,2833,"109"
398,463,2834,"33"
394,505,2835,"29"
151,515,2836,"110"
160,463,2837,"197"
173,447,2838,"183"
406,445,2839,"152"
366,522,2840,"194"
381,393,2841,"185"
77,446,2842,"15"
304,439,2843,"176"
22,523,2844,"125"
243,402,2845,"106"
357,395,2846,"105"
69,532,2847,"190"
99,434,2848,"117"
379,395,2849,"81"
243,413,2850,"122"
279,478,2851,"173"
23,411,2852,"197"
407,389,2853,"192"
146,503,2854,"65"
80,406,2855,"20"
238,490,2856,"132"
118,399,2857,"59"
289,518,2858,"45"
301,403,2859,"154"
116,496,2860,"71"
178,479,2861,"110"
47,532,2862,"49"
38,512,2863,"37"
236,393,2864,"51"
415,467,2865,"124"
240,517,2866,"182"
92,508,2867,"140"
378,526,2868,"14"
493,386,2869,"78"
173,462,2870,"169"
219,514,2871,"6"
389,535,2872,"182"
283,522,2873,"139"
216,400,2874,"110"
382,523,2875,"12"
145,427,2876,"123"
2,466,2877,"134"
402,427,2878,"108"
78,428,2879,"9"
57,533,2880,"186"
487,489,2881,"77"
160,427,2882,"196"
482,528,2883,"76"
382,494,2884,"79"
100,422,2885,"147"
109,449,2886,"119"
3,518,2887,"92"
430,481,2888,"179"
347,517,2889,"30"
497,470,2890,"75"
309,465,2891,"51"
327,485,2892,"140"
290,501,2893,"127"
408,469,2894,"13"
282,502,2895,"106"
496,496,2896,"28"
120,473,2897,"120"
471,445,2898,"54"
297,406,2899,"22"
208,485,2900,"94"
269,527,2901,"122"
69,409,2902,"156"
258,460,2903,"81"
70,463,2904,"91"
394,476,2905,"19"
205,447,2906,"83"
230,413,2907,"69"
377,404,2908,"177"
390,528,2909,"116"
165,446,2910,"172"
139,516,2911,"95"
495,530,2912,"53"
314,455,2913,"109"
162,432,2914,"26"
216,522,2915,"165"
270,504,2916,"82"
258,532,2917,"103"
306,450,2918,"41"
329,522,2919,"140"
153,510,2920,"16"
159,387,2921,"65"
124,435,2922,"73"
204,421,2923,"17"
50,481,2924,"188"
221,483,2925,"54"
268,519,2926,"143"
450,462,2927,"84"
229,397,2928,"188"
382,503,2929,"21"
9,468,2930,"131"
327,519,2931,"186"
294,445,2932,"57"
29,525,2933,"51"
394,511,2934,"120"
490,454,2935,"60"
332,520,2936,"47"
263,517,2937,"83"
292,458,2938,"8"
62,418,2939,"51"
213,499,2940,"64"
233,504,2941,"183"
450,396,2942,"189"
469,533,2943,"23"
144,416,2944,"33"
182,442,2945,"88"
106,485,2946,"115"
332,489,2947,"6"
314,503,2948,"56"
469,466,2949,"38"
287,425,2950,"28"
81,495,2951,"7"
446,499,2952,"180"
42,482,2953,"38"
339,450,2954,"42"
350,449,2955,"140"
156,509,2956,"45"
187,453,2957,"95"
294,521,2958,"199"
224,463,2959,"75"
386,419,2960,"28"
123,495,2961,"152"
415,500,2962,"76"
227,395,2963,"24"
329,475,2964,"162"
165,439,2965,"171"
138,391,2966,"7"
439,400,2967,"172"
127,400,2968,"115"
453,488,2969,"135"
160,455,2970,"52"
291,431,2971,"92"
94,495,2972,"55"
435,417,2973,"147"
38,480,2974,"175"
85,390,2975,"58"
431,534,2976,"80"
438,465,2977,"137"
163,466,2978,"34"
306,389,2979,"32"
402,447,2980,"105"
276,427,2981,"73"
285,448,2982,"9"
255,383,2983,"28"
177,444,2984,"13"
226,507,2985,"14"
234,405,2986,"55"
408,468,2987,"24"
9,509,2988,"131"
46,529,2989,"165"
113,512,2990,"24"
319,389,2991,"91"
367,389,2992,"58"
481,438,2993,"37"
375,457,2994,"191"
407,395,2995,"93"
272,416,2996,"165"
273,469,2997,"126"
91,534,2998,"69"
413,524,2999,"115"
423,488,3000,"73"
227,519,3001,"182"
76,425,3002,"172"
65,455,3003,"34"
26,508,3004,"50"
45,405,3005,"157"
131,522,3006,"68"
237,444,3007,"98"
21,395,3008,"130"
203,498,3009,"106"
336,529,3010,"69"
85,484,3011,"105"
265,442,3012,"111"
326,474,3013,"136"
467,383,3014,"107"
245,487,3015,"46"
158,523,3016,"169"
210,447,3017,"11"
125,537,3018,"5"
41,523,3019,"190"
418,436,3020,"92"
178,451,3021,"72"
420,427,3022,"83"
304,530,3023,"186"
55,420,3024,"174"
476,407,3025,"69"
438,528,3026,"131"
464,444,3027,"45"
112,442,3028,"41"
160,467,3029,"75"
76,494,3030,"185"
327,424,3031,"156"
382,498,3032,"8"
462,429,3033,"73"
453,407,3034,"33"
40,536,3035,"71"
153,525,3036,"164"
309,396,3037,"18"
193,389,3038,"157"
494,400,3039,"83"
485,496,3040,"85"
67,435,3041,"146"
41,475,3042,"47"
102,489,3043,"141"
138,529,3044,"127"
417,430,3045,"124"
51,534,3046,"55"
230,455,3047,"123"
249,466,3048,"178"
136,519,3049,"140"
440,408,3050,"29"
98,468,3051,"94"
114,471,3052,"128"
120,431,3053,"84"
253,507,3054,"74"
278,461,3055,"160"
315,530,3056,"65"
287,445,3057,"127"
492,388,3058,"129"
188,483,3059,"187"
346,408,3060,"142"
134,481,3061,"12"
5,455,3062,"71"
254,451,3063,"45"
197,501,3064,"12"
19,443,3065,"106"
286,437,3066,"134"
477,406,3067,"73"
451,392,3068,"56"
133,416,3069,"141"
234,490,3070,"124"
69,426,3071,"159"
65,421,3072,"187"
170,449,3073,"76"
41,491,3074,"175"
322,481,3075,"101"
163,444,3076,"101"
426,524,3077,"135"
141,462,3078,"103"
468,459,3079,"32"
356,410,3080,"62"
106,394,3081,"71"
35,466,3082,"42"
274,454,3083,"28"
460,398,3084,"187"
430,436,3085,"172"
403,384,3086,"200"
39,394,3087,"131"
408,405,3088,"45"
194,404,3089,"139"
177,467,3090,"142"
453,497,3091,"8"
434,422,3092,"134"
260,470,3093,"108"
407,479,3094,"132"
442,490,3095,"20"
15,525,3096,"49"
86,393,3097,"34"
214,437,3098,"136"
278,395,3099,"117"
41,436,3100,"121"
84,521,3101,"143"
176,403,3102,"183"
289,477,3103,"47"
250,408,3104,"120"
202,519,3105,"90"
485,446,3106,"175"
153,513,3107,"146"
402,437,3108,"67"
186,495,3109,"54"
403,383,3110,"163"
398,488,3111,"169"
468,426,3112,"19"
259,419,3113,"93"
184,480,3114,"4"
90,430,3115,"57"
214,391,3116,"118"
309,452,3117,"112"
479,536,3118,"133"
303,536,3119,"121"
228,476,3120,"187"
226,476,3121,"33"
305,384,3122,"47"
288,415,3123,"60"
431,461,3124,"170"
249,437,3125,"80"
79,408,3126,"200"
178,444,3127,"22"
75,449,3128,"141"
228,384,3129,"127"
421,522,3130,"64"
198,395,3131,"34"
201,463,3132,"78"
229,533,3133,"73"
22,497,3134,"2"
462,390,3135,"150"
84,507,3136,"25"
195,471,3137,"37"
54,516,3138,"45"
340,485,3139,"118"
70,511,3140,"181"
470,486,3141,"85"
300,505,3142,"169"
22,514,3143,"91"
444,434,3144,"65"
306,419,3145,"161"
207,435,3146,"12"
205,515,3147,"199"
107,405,3148,"138"
458,526,3149,"150"
436,500,3150,"94"
91,481,3151,"63"
348,534,3152,"192"
215,484,3153,"185"
202,527,3154,"14"
491,421,3155,"74"
1,419,3156,"20"
256,429,3157,"126"
442,440,3158,"3"
289,423,3159,"117"
31,421,3160,"73"
316,504,3161,"12"
316,512,3162,"92"
226,446,3163,"198"
361,452,3164,"28"
222,481,3165,"48"
176,416,3166,"106"
348,478,3167,"109"
286,406,3168,"191"
149,418,3169,"198"
295,468,3170,"129"
220,448,3171,"177"
135,414,3172,"166"
159,491,3173,"200"
134,460,3174,"9"
393,461,3175,"40"
260,516,3176,"42"
124,444,3177,"152"
454,521,3178,"183"
79,413,3179,"137"
57,442,3180,"108"
426,494,3181,"29"
250,492,3182,"49"
268,398,3183,"22"
352,514,3184,"192"
229,407,3185,"155"
81,506,3186,"67"
23,522,3187,"105"
278,518,3188,"35"
160,477,3189,"117"
84,416,3190,"171"
287,431,3191,"132"
186,522,3192,"136"
340,460,3193,"25"
316,498,3194,"84"
121,478,3195,"175"
66,488,3196,"62"
194,472,3197,"7"
58,416,3198,"18"
358,509,3199,"58"
403,502,3200,"83"
391,455,3201,"93"
202,399,3202,"24"
426,410,3203,"127"
486,429,3204,"191"
73,534,3205,"150"
104,400,3206,"59"
487,452,3207,"126"
11,457,3208,"38"
273,459,3209,"111"
481,445,3210,"62"
456,527,3211,"33"
366,479,3212,"153"
282,504,3213,"18"
271,429,3214,"151"
398,417,3215,"60"
109,458,3216,"117"
129,533,3217,"162"
152,506,3218,"91"
195,507,3219,"19"
320,385,3220,"21"
163,520,3221,"8"
370,399,3222,"183"
101,461,3223,"80"
218,451,3224,"191"
169,489,3225,"197"
45,536,3226,"159"
434,484,3227,"107"
372,512,3228,"85"
333,470,3229,"130"
49,465,3230,"50"
110,454,3231,"24"
67,404,3232,"13"
72,524,3233,"83"
75,409,3234,"102"
355,497,3235,"76"
343,480,3236,"171"
6,418,3237,"140"
294,411,3238,"34"
480,482,3239,"83"
387,473,3240,"137"
338,414,3241,"119"
187,470,3242,"84"
408,437,3243,"22"
394,511,3244,"29"
229,514,3245,"165"
377,426,3246,"110"
103,383,3247,"188"
297,494,3248,"159"
481,505,3249,"175"
442,521,3250,"35"
334,441,3251,"148"
466,397,3252,"195"
57,421,3253,"13"
370,508,3254,"151"
235,470,3255,"121"
175,398,3256,"193"
473,508,3257,"117"
164,415,3258,"79"
360,466,3259,"86"
451,440,3260,"69"
326,516,3261,"185"
199,512,3262,"138"
125,533,3263,"120"
318,465,3264,"2"
480,518,3265,"166"
383,534,3266,"16"
16,441,3267,"90"
304,410,3268,"177"
374,472,3269,"182"
406,467,3270,"16"
274,458,3271,"187"
369,423,3272,"100"
62,475,3273,"104"
216,466,3274,"74"
190,489,3275,"166"
127,404,3276,"144"
118,417,3277,"2"
214,515,3278,"189"
342,384,3279,"85"
352,385,3280,"77"
458,486,3281,"62"
69,506,3282,"196"
422,423,3283,"55"
99,476,3284,"29"
137,454,3285,"196"
309,512,3286,"183"
337,506,3287,"39"
186,422,3288,"15"
240,413,3289,"33"
368,386,3290,"97"
14,384,3291,"116"
180,510,3292,"119"
364,477,3293,"59"
476,443,3294,"43"
243,410,3295,"147"
408,408,3296,"3"
253,499,3297,"135"
363,450,3298,"135"
81,454,3299,"169"
321,408,3300,"97"
393,452,3301,"42"
13,443,3302,"179"
279,388,3303,"92"
254,518,3304,"135"
359,512,3305,"126"
62,481,3306,"11"
218,393,3307,"36"
62,420,3308,"110"
4,513,3309,"33"
245,420,3310,"37"
411,456,3311,"123"
154,399,3312,"124"
4,521,3313,"186"
48,478,3314,"25"
441,480,3315,"50"
373,511,3316,"34"
67,424,3317,"28"
395,517,3318,"181"
205,495,3319,"133"
410,451,3320,"149"
298,394,3321,"181"
491,488,3322,"56"
343,391,3323,"145"
206,495,3324,"176"
188,449,3325,"12"
472,495,3326,"54"
441,499,3327,"111"
61,406,3328,"126"
434,493,3329,"91"
201,522,3330,"199"
35,516,3331,"1"
419,443,3332,"71"
354,503,3333,"51"
232,493,3334,"141"
343,485,3335,"8"
184,427,3336,"8"
320,432,3337,"159"
157,402,3338,"74"
166,386,3339,"200"
205,509,3340,"90"
372,523,3341,"125"
308,517,3342,"50"
208,442,3343,"137"
395,449,3344,"101"
159,505,3345,"156"
13,386,3346,"32"
104,528,3347,"49"
100,402,3348,"178"
243,527,3349,"107"
389,524,3350,"168"
221,486,3351,"177"
398,529,3352,"113"
234,427,3353,"105"
62,467,3354,"149"
497,445,3355,"128"
341,457,3356,"106"
184,506,3357,"81"
8,430,3358,"167"
202,497,3359,"105"
358,504,3360,"157"
397,415,3361,"147"
155,483,3362,"19"
237,490,3363,"73"
153,414,3364,"66"
399,446,3365,"122"
136,422,3366,"138"
114,512,3367,"89"
270,441,3368,"135"
415,442,3369,"47"
150,468,3370,"95"
221,399,3371,"81"
300,483,3372,"52"
335,404,3373,"55"
273,412,3374,"95"
208,475,3375,"118"
39,444,3376,"40"
256,459,3377,"17"
371,394,3378,"169"
480,384,3379,"41"
453,487,3380,"49"
92,478,3381,"169"
203,391,3382,"82"
454,485,3383,"181"
418,417,3384,"102"
420,502,3385,"72"
354,438,3386,"68"
430,408,3387,"70"
213,508,3388,"200"
314,456,3389,"44"
133,444,3390,"91"
215,451,3391,"146"
300,400,3392,"46"
38,415,3393,"57"
29,463,3394,"102"
351,421,3395,"31"
348,409,3396,"86"
148,415,3397,"154"
459,423,3398,"26"
228,492,3399,"105"
97,397,3400,"147"
84,394,3401,"39"
30,531,3402,"42"
303,445,3403,"180"
124,442,3404,"30"
88,510,3405,"194"
354,496,3406,"63"
467,404,3407,"134"
451,511,3408,"2"
387,472,3409,"141"
367,492,3410,"43"
420,395,3411,"103"
334,479,3412,"54"
473,508,3413,"147"
212,387,3414,"131"
107,498,3415,"125"
377,401,3416,"104"
214,456,3417,"178"
19,496,3418,"100"
269,420,3419,"41"
275,513,3420,"62"
454,432,3421,"64"
397,475,3422,"152"
304,466,3423,"80"
239,494,3424,"36"
150,457,3425,"50"
405,403,3426,"10"
85,407,3427,"129"
50,516,3428,"40"
466,505,3429,"89"
92,412,3430,"87"
240,495,3431,"58"
134,459,3432,"189"
444,480,3433,"162"
57,450,3434,"31"
310,505,3435,"150"
231,461,3436,"137"
53,469,3437,"133"
374,475,3438,"93"
440,525,3439,"48"
76,454,3440,"125"
225,515,3441,"129"
385,457,3442,"124"
467,437,3443,"130"
320,407,3444,"99"
334,390,3445,"9"
43,529,3446,"59"
155,508,3447,"140"
222,530,3448,"69"
286,517,3449,"6"
386,441,3450,"109"
260,516,3451,"130"
46,445,3452,"172"
290,401,3453,"91"
76,506,3454,"158"
242,403,3455,"178"
173,432,3456,"197"
187,514,3457,"93"
130,528,3458,"11"
298,410,3459,"86"
82,454,3460,"164"
369,385,3461,"26"
182,474,3462,"82"
159,392,3463,"6"
134,392,3464,"125"
480,521,3465,"44"
284,519,3466,"115"
143,537,3467,"132"
54,506,3468,"66"
462,418,3469,"42"
103,446,3470,"80"
247,478,3471,"88"
500,387,3472,"183"
332,477,3473,"131"
135,383,3474,"31"
184,405,3475,"113"
66,486,3476,"1"
403,451,3477,"162"
391,531,3478,"79"
145,390,3479,"49"
463,392,3480,"97"
376,529,3481,"179"
206,424,3482,"175"
87,448,3483,"125"
250,453,3484,"26"
299,513,3485,"199"
247,519,3486,"145"
188,452,3487,"102"
150,530,3488,"123"
282,481,3489,"84"
369,537,3490,"97"
430,479,3491,"84"
191,449,3492,"72"
176,488,3493,"42"
446,487,3494,"119"
415,510,3495,"44"
296,430,3496,"80"
344,536,3497,"132"
436,388,3498,"73"
98,477,3499,"100"
468,423,3500,"89"
270,406,3501,"10"
144,533,3502,"103"
102,533,3503,"110"
436,513,3504,"134"
195,495,3505,"67"
193,437,3506,"140"
106,434,3507,"111"
237,405,3508,"109"
12,459,3509,"191"
450,509,3510,"36"
335,533,3511,"124"
474,526,3512,"42"
18,400,3513,"67"
218,490,3514,"176"
399,445,3515,"182"
469,511,3516,"171"
189,535,3517,"42"
383,395,3518,"138"
43,405,3519,"190"
440,480,3520,"122"
123,514,3521,"164"
99,385,3522,"87"
305,445,3523,"149"
100,507,3524,"72"
50,474,3525,"152"
160,533,3526,"52"
171,533,3527,"68"
77,414,3528,"186"
211,511,3529,"59"
92,393,3530,"60"
352,463,3531,"196"
290,423,3532,"178"
133,509,3533,"48"
464,395,3534,"120"
2,519,3535,"154"
255,486,3536,"163"
309,473,3537,"171"
118,392,3538,"111"
292,446,3539,"129"
135,531,3540,"48"
437,468,3541,"175"
261,389,3542,"99"
245,395,3543,"164"
274,405,3544,"77"
437,404,3545,"162"
218,396,3546,"16"
478,412,3547,"183"
146,503,3548,"34"
95,392,3549,"39"
435,409,3550,"180"
342,432,3551,"1"
98,527,3552,"167"
117,438,3553,"191"
318,415,3554,"56"
477,387,3555,"61"
256,446,3556,"181"
433,513,3557,"168"
376,507,3558,"170"
65,398,3559,"119"
140,407,3560,"85"
324,424,3561,"86"
218,498,3562,"154"
84,383,3563,"146"
333,483,3564,"96"
54,445,3565,"156"
59,487,3566,"57"
76,399,3567,"63"
358,430,3568,"120"
309,418,3569,"30"
60,486,3570,"112"
237,438,3571,"156"
350,385,3572,"197"
108,501,3573,"178"
384,499,3574,"158"
125,393,3575,"102"
234,527,3576,"59"
449,398,3577,"78"
24,423,3578,"85"
317,487,3579,"2"
443,431,3580,"148"
416,531,3581,"3"
486,453,3582,"199"
45,432,3583,"181"
194,488,3584,"94"
121,526,3585,"158"
95,446,3586,"159"
164,495,3587,"68"
443,457,3588,"38"
434,493,3589,"51"
10,477,3590,"20"
184,532,3591,"103"
402,535,3592,"116"
236,438,3593,"135"
332,420,3594,"193"
417,528,3595,"59"
94,404,3596,"174"
55,439,3597,"128"
419,482,3598,"64"
85,425,3599,"167"
257,488,3600,"142"
55,453,3601,"140"
440,456,3602,"114"
293,430,3603,"140"
212,408,3604,"155"
85,466,3605,"68"
195,454,3606,"86"
81,414,3607,"65"
393,476,3608,"180"
290,395,3609,"81"
225,406,3610,"118"
18,393,3611,"42"
226,496,3612,"81"
365,461,3613,"187"
159,505,3614,"85"
496,474,3615,"121"
231,487,3616,"158"
183,527,3617,"81"
120,460,3618,"21"
229,532,3619,"151"
314,468,3620,"134"
492,456,3621,"89"
417,514,3622,"76"
448,496,3623,"9"
166,452,3624,"86"
410,389,3625,"12"
225,513,3626,"9"
469,427,3627,"171"
123,423,3628,"130"
60,525,3629,"64"
457,431,3630,"115"
43,407,3631,"72"
318,460,3632,"53"
172,485,3633,"62"
210,488,3634,"164"
260,498,3635,"2"
172,528,3636,"65"
445,448,3637,"55"
94,492,3638,"109"
385,476,3639,"146"
356,465,3640,"29"
75,463,3641,"34"
24,450,3642,"15"
362,393,3643,"19"
349,502,3644,"152"
98,431,3645,"163"
294,535,3646,"84"
306,399,3647,"137"
440,453,3648,"171"
96,491,3649,"113"
80,417,3650,"85"
321,408,3651,"160"
206,408,3652,"150"
31,447,3653,"172"
475,423,3654,"25"
267,486,3655,"42"
156,509,3656,"70"
185,477,3657,"103"
81,420,3658,"146"
118,486,3659,"16"
55,503,3660,"36"
77,516,3661,"150"
405,493,3662,"189"
80,520,3663,"124"
134,487,3664,"198"
470,416,3665,"61"
349,511,3666,"116"
330,480,3667,"136"
306,513,3668,"53"
41,475,3669,"49"
413,475,3670,"102"
153,496,3671,"32"
488,492,3672,"173"
474,507,3673,"13"
188,444,3674,"67"
466,415,3675,"193"
403,509,3676,"126"
488,467,3677,"86"
309,480,3678,"39"
409,436,3679,"70"
374,387,3680,"22"
267,455,3681,"200"
128,515,3682,"29"
353,521,3683,"95"
248,529,3684,"47"
354,402,3685,"71"
424,476,3686,"151"
154,384,3687,"175"
103,397,3688,"142"
433,478,3689,"159"
466,489,3690,"129"
131,420,3691,"90"
359,456,3692,"189"
335,451,3693,"19"
71,464,3694,"167"
320,505,3695,"30"
490,462,3696,"78"
128,461,3697,"149"
164,459,3698,"5"
481,391,3699,"36"
384,385,3700,"162"
245,530,3701,"172"
341,522,3702,"174"
90,398,3703,"95"
293,479,3704,"195"
265,384,3705,"170"
286,427,3706,"146"
273,392,3707,"69"
269,451,3708,"157"
491,473,3709,"82"
217,391,3710,"90"
450,394,3711,"116"
74,436,3712,"15"
67,479,3713,"103"
199,501,3714,"72"
362,518,3715,"93"
104,385,3716,"117"
484,510,3717,"157"
120,425,3718,"124"
432,418,3719,"187"
279,414,3720,"184"
490,512,3721,"88"
94,448,3722,"74"
261,472,3723,"29"
227,392,3724,"32"
332,397,3725,"135"
300,447,3726,"106"
440,439,3727,"126"
280,452,3728,"134"
225,481,3729,"28"
418,411,3730,"154"
440,491,3731,"101"
253,388,3732,"19"
424,451,3733,"178"
452,514,3734,"22"
172,480,3735,"1"
436,529,3736,"101"
467,407,3737,"115"
296,427,3738,"57"
411,432,3739,"178"
329,442,3740,"144"
94,396,3741,"7"
363,417,3742,"100"
259,460,3743,"23"
28,463,3744,"34"
102,432,3745,"192"
284,397,3746,"68"
16,447,3747,"17"
55,458,3748,"179"
408,398,3749,"132"
129,385,3750,"138"
242,481,3751,"162"
435,416,3752,"170"
463,403,3753,"76"
284,464,3754,"72"
76,450,3755,"24"
428,497,3756,"27"
378,462,3757,"139"
267,431,3758,"169"
422,391,3759,"51"
54,457,3760,"51"
289,454,3761,"29"
354,447,3762,"7"
95,448,3763,"113"
266,498,3764,"50"
244,427,3765,"137"
244,436,3766,"187"
218,406,3767,"119"
151,417,3768,"85"
148,389,3769,"175"
162,399,3770,"158"
255,422,3771,"167"
132,518,3772,"114"
98,427,3773,"75"
94,448,3774,"135"
23,476,3775,"46"
290,495,3776,"142"
339,479,3777,"141"
106,501,3778,"76"
362,493,3779,"17"
33,455,3780,"182"
402,527,3781,"44"
70,457,3782,"135"
277,513,3783,"79"
318,430,3784,"50"
49,470,3785,"35"
77,411,3786,"161"
173,422,3787,"4"
34,417,3788,"19"
1,455,3789,"72"
458,457,3790,"62"
229,384,3791,"140"
150,495,3792,"183"
334,424,3793,"179"
99,450,3794,"121"
372,468,3795,"114"
53,524,3796,"74"
252,492,3797,"31"
215,492,3798,"127"
390,468,3799,"89"
56,432,3800,"138"
170,412,3801,"187"
65,400,3802,"105"
349,485,3803,"38"
54,455,3804,"94"
438,527,3805,"132"
141,387,3806,"173"
208,504,3807,"185"
465,395,3808,"189"
305,537,3809,"179"
31,394,3810,"79"
346,527,3811,"77"
210,489,3812,"172"
254,458,3813,"75"
25,533,3814,"140"
215,443,3815,"161"
2,507,3816,"165"
405,436,3817,"69"
356,463,3818,"126"
235,501,3819,"176"
337,419,3820,"50"
318,499,3821,"22"
374,398,3822,"98"
480,517,3823,"108"
13,400,3824,"138"
215,457,3825,"67"
436,419,3826,"167"
72,447,3827,"103"
415,532,3828,"47"
368,416,3829,"19"
252,438,3830,"109"
56,491,3831,"8"
302,535,3832,"73"
139,385,3833,"111"
150,464,3834,"23"
435,440,3835,"49"
375,470,3836,"39"
485,477,3837,"177"
349,457,3838,"152"
389,494,3839,"113"
498,483,3840,"147"
28,425,3841,"182"
358,384,3842,"143"
323,537,3843,"178"
137,485,3844,"136"
370,468,3845,"123"
389,401,3846,"59"
86,471,3847,"29"
498,449,3848,"135"
81,528,3849,"91"
33,384,3850,"100"
479,449,3851,"14"
381,465,3852,"189"
24,522,3853,"179"
70,517,3854,"154"
82,489,3855,"16"
128,468,3856,"123"
142,385,3857,"87"
137,487,3858,"167"
292,406,3859,"103"
134,504,3860,"155"
477,404,3861,"169"
166,442,3862,"24"
56,527,3863,"109"
81,533,3864,"96"
114,485,3865,"23"
67,504,3866,"182"
476,415,3867,"46"
249,514,3868,"26"
242,524,3869,"150"
116,522,3870,"52"
143,446,3871,"89"
421,479,3872,"72"
420,400,3873,"76"
189,421,3874,"68"
111,520,3875,"144"
448,492,3876,"112"
243,416,3877,"113"
81,504,3878,"150"
16,415,3879,"96"
428,414,3880,"51"
246,469,3881,"86"
14,395,3882,"143"
22,396,3883,"156"
33,438,3884,"74"
161,405,3885,"29"
151,456,3886,"31"
374,431,3887,"66"
500,531,3888,"167"
317,517,3889,"67"
254,427,3890,"116"
424,496,3891,"170"
337,511,3892,"39"
428,510,3893,"115"
255,424,3894,"146"
34,408,3895,"160"
326,473,3896,"115"
359,488,3897,"138"
311,420,3898,"175"
324,417,3899,"186"
238,519,3900,"142"
146,406,3901,"25"
275,470,3902,"25"
393,459,3903,"103"
436,535,3904,"132"
140,461,3905,"129"
173,517,3906,"6"
208,502,3907,"12"
233,450,3908,"83"
347,467,3909,"107"
292,510,3910,"131"
174,503,3911,"103"
186,505,3912,"157"
207,475,3913,"105"
237,496,3914,"87"
470,438,3915,"80"
441,480,3916,"103"
145,452,3917,"146"
200,521,3918,"8"
109,508,3919,"41"
103,536,3920,"119"
183,477,3921,"187"
245,455,3922,"39"
499,483,3923,"1"
368,498,3924,"127"
29,523,3925,"23"
268,481,3926,"169"
398,494,3927,"130"
418,390,3928,"6"
378,424,3929,"138"
464,487,3930,"65"
54,445,3931,"103"
332,472,3932,"148"
362,420,3933,"93"
203,396,3934,"22"
214,509,3935,"10"
20,494,3936,"114"
442,472,3937,"60"
151,511,3938,"13"
219,423,3939,"167"
346,483,3940,"66"
443,388,3941,"155"
93,428,3942,"185"
296,462,3943,"50"
181,478,3944,"86"
45,398,3945,"77"
226,500,3946,"121"
362,447,3947,"33"
223,507,3948,"45"
368,391,3949,"181"
29,460,3950,"65"
149,383,3951,"52"
135,466,3952,"93"
65,532,3953,"181"
256,463,3954,"176"
421,494,3955,"171"
488,500,3956,"129"
148,402,3957,"54"
497,508,3958,"123"
132,462,3959,"11"
409,389,3960,"174"
341,537,3961,"38"
169,457,3962,"132"
107,480,3963,"168"
492,409,3964,"194"
107,413,3965,"193"
163,406,3966,"44"
433,400,3967,"64"
271,475,3968,"115"
447,528,3969,"91"
493,515,3970,"97"
55,505,3971,"114"
239,489,3972,"191"
25,431,3973,"117"
125,386,3974,"49"
103,470,3975,"12"
488,418,3976,"28"
14,389,3977,"125"
311,422,3978,"52"
130,536,3979,"70"
357,384,3980,"29"
421,446,3981,"74"
470,470,3982,"123"
68,426,3983,"167"
436,391,3984,"99"
448,461,3985,"71"
140,411,3986,"73"
77,459,3987,"152"
412,526,3988,"78"
383,407,3989,"17"
207,467,3990,"19"
307,446,3991,"82"
388,451,3992,"10"
127,443,3993,"40"
121,474,3994,"55"
465,528,3995,"27"
396,460,3996,"97"
306,534,3997,"175"
414,521,3998,"57"
491,529,3999,"199"
52,526,4000,"36"
