id,tenant_key,title,created
1,K 1,Title 1,2017-01-01 12:30:00
2,K 2,Title 2,2017-01-01 12:30:01
3,K 3,Title 3,2017-01-01 12:30:02
4,K 4,Title 4,2017-01-01 12:30:03
5,K 5,Title 5,2017-01-01 12:30:04
6,K 6,Title 6,2017-01-01 12:30:05
7,K 7,Title 7,2017-01-01 12:30:06
8,K 8,Title 8,2017-01-01 12:30:07
9,K 9,Title 9,2017-01-01 12:30:08
10,K 10,Title 10,2017-01-01 12:30:09
11,K 11,Title 11,2017-01-01 12:30:10
12,K 12,Title 12,2017-01-01 12:30:11
13,K 13,Title 13,2017-01-01 12:30:12
14,K 14,Title 14,2017-01-01 12:30:13
15,K 15,Title 15,2017-01-01 12:30:14
16,K 16,Title 16,2017-01-01 12:30:15
17,K 17,Title 17,2017-01-01 12:30:16
18,K 18,Title 18,2017-01-01 12:30:17
19,K 19,Title 19,2017-01-01 12:30:18
